ID,Name,AGE,Age Bin,Gender,Affiliation,DonorCode,Manager,Major,Address Type,City ,State,Zip Code,Job Title,Employer,Annual Fund Rating,Major Gift Capacity,LOW_EGC,HIGH_EGC,Inclination,Alumni Engagement,Stage,Last Gift Date,Last Gift Amount,FY 17 Giving,FY 16 Giving,FY 15 Giving,FY 14 Giving,FY 13 Giving,Lifetime Giving,Last Attempt Date,Last Contact Date,Last Contact Type,Phone Count,FTF Visit Count,Gift Count,2020_DecisionTreeClassifier,donor_prob_DecisionTreeClassifier,non_donor_prob_DecisionTreeClassifier,2020_RandomForestClassifier,donor_prob_RandomForestClassifier,non_donor_prob_RandomForestClassifier,2020_BernoulliNB,donor_prob_BernoulliNB,non_donor_prob_BernoulliNB,2020_LogisticRegression,donor_prob_LogisticRegression,non_donor_prob_LogisticRegression,2020_PassiveAggressiveClassifier,donor_prob_PassiveAggressiveClassifier,non_donor_prob_PassiveAggressiveClassifier
ID001,Tommy,48.0,40-49,M, '68,"Alumni, Non-Degreed",Tommy Tar,,Permanent,Orlando,FL,32804,Supervisor,This Company,2500,"$100,000 - $249,999",100000.0,249999.0,High,,Cultivation,,,,,,,,,,2017-06-21,Personal Correspondence,,,1.0,0,0.0,1.0,0,0.0,1.0,0,0.0,1.0,0,0.17,0.83,0,0.2,0.8
ID002,Neil ,60.0,60-69,M, '80,"Alumni, Degreed",Tommy Tar,Business Administration,Permanent,Winter Park,FL,32789,Assistant Vice President,That Corporation,2500,"$100,000 - $249,999",100000.0,249999.0,Unknown,D,Qualification,,,,,,,,,,,,5.0,,,0,0.0,1.0,0,0.0,1.0,0,0.0,1.0,0,0.18,0.82,0,0.2,0.8
ID003,Cat,71.0,70-79,F, '68,"Alumni, Degreed",Tommy Tar,Theatre Arts,Permanent,Orlando,FL,32836,VP CEO,Another Company,2500,"$100,000 - $249,999",100000.0,249999.0,Unknown,C,Qualification,2013-03-11,100.0,,,,,,100.0,,2018-03-22,Email Contact,5.0,,1.0,0,0.0,1.0,0,0.2,0.8,0,0.0,1.0,0,0.17,0.83,0,0.2,0.8
ID004,Eddie ,64.0,60-69,M, '01MBA '13MLS P'13,"Alumni, Business School",Tommy Tar,,Permanent,Winter Park,FL,32789,Chief Operating Officer,Yet Another Corporation,3000,"$50,000 - $99,999",50000.0,99999.0,Unknown,B,Not a MG Prospect Now,2016-11-10,250.0,250.0,2000.0,,,4250.0,,,2017-07-05,Email Contact,2.0,11.0,17.0,1,1.0,0.0,1,0.8,0.2,1,1.0,0.0,0,0.37,0.63,0,0.33,0.67
ID005,Jennie,56.0,50-59,F, '84,"Alumni, Degreed",Tommy Tar,Economics,Permanent,New York,NY,10001,Supervisor,A Nonprofit Organization,3000,"$250,000 - $499,999",250000.0,499999.0,Unknown,B,Qualification,2016-05-27,1881.0,,,1881.0,,1910.0,100.0,2018-02-28,2018-02-01,Phone Call,23.0,7.0,19.0,0,0.0,1.0,0,0.4,0.6,0,0.0,1.0,1,0.61,0.39,0,0.32,0.68
ID006,Kurt ,76.0,70-79,M, '64,"Alumni, Degreed",Tommy Tar,Physics,Permanent,Orlando,FL,32836,Supervisor,A Government Entity,2500,"$50,000 - $99,999",50000.0,99999.0,Low,A,Cultivation,2017-05-15,100.0,,100.0,100.0,100.0,200.0,100.0,2015-01-05,2017-06-16,Personal Correspondence,15.0,4.0,37.0,1,1.0,0.0,0,0.5,0.5,1,1.0,0.0,0,0.23,0.77,0,0.21,0.79
ID007,Miles,59.0,50-59,M, '80 P'15,"Alumni, Degreed",Tommy Tar,Politics,Work,Winter Park,FL,32790,AVP,This Company,6000,"$50,000 - $99,999",50000.0,99999.0,Moderate,A,Cultivation,2017-01-09,4000.0,,4000.0,4000.0,4075.0,7550.0,7400.0,2017-11-29,2018-01-10,Personal Correspondence,5.0,19.0,21.0,1,1.0,0.0,1,0.8,0.2,1,1.0,0.0,1,0.99,0.01,1,0.78,0.22
ID008,Jaco ,0.0,0-29,M, '73,"Alumni, Degreed",Tommy Tar,,Permanent,Winter Park,FL,32789,VP CEO,That Corporation,2500,"$250,000 - $499,999",250000.0,499999.0,Unknown,D,Qualification,2002-09-11,2500.0,,,,,,,2013-11-14,,,4.0,,11.0,0,0.0,1.0,0,0.1,0.9,0,0.0,1.0,0,0.21,0.79,0,0.26,0.74
ID009,James,85.0,80-89,M, '56,"Alumni, Degreed",Tommy Tar,History,Permanent,Winter Park,FL,32789,Chief Operating Officer,Another Company,2500,"$50,000 - $99,999",50000.0,99999.0,High,B,Stewardship,2017-01-03,100.0,,100.0,,85000.0,500.0,2385.0,2014-06-16,2017-12-06,Face-to-Face Visit,18.0,11.0,30.0,1,1.0,0.0,0,0.5,0.5,1,1.0,0.0,0,0.02,0.98,0,0.37,0.63
ID010,Georrgia,57.0,50-59,F, '83,"Alumni, Degreed",Tommy Tar,History,Permanent,New York,NY,10001,Supervisor,Yet Another Corporation,2500,"$50,000 - $99,999",50000.0,99999.0,Unknown,B,Qualification,2017-08-18,50.0,50.0,50.0,50.0,100.0,100.0,100.0,,2017-06-16,Personal Correspondence,2.0,,32.0,1,1.0,0.0,1,1.0,0.0,1,1.0,0.0,0,0.22,0.78,0,0.21,0.79
ID011,John ,30.0,30-39,M, '09,"Alumni, Degreed",Tommy Tar,International Business,Permanent,Maitland,FL,32751,Supervisor,A Nonprofit Organization,2500,"$50,000 - $99,999",50000.0,99999.0,Unknown,B,Qualification,2017-10-11,1.0,,,,,,,,2017-11-14,Personal Correspondence,3.0,3.0,,0,0.0,1.0,0,0.1,0.9,0,0.0,1.0,0,0.19,0.81,0,0.2,0.8
ID012,Geddy,46.0,40-49,M, '95,"Alumni, Degreed",Tommy Tar,Sociology,Permanent,New York,NY,10001,AVP,A Government Entity,4000,"$50,000 - $99,999",50000.0,99999.0,Moderate,A,Qualification,2018-01-02,2500.0,2850.0,2800.0,2500.0,2500.0,2500.0,2500.0,2004-01-08,2018-01-10,Face-to-Face Visit; Personal Correspondence,13.0,6.0,24.0,1,1.0,0.0,1,1.0,0.0,1,1.0,0.0,1,0.94,0.06,1,0.67,0.33
ID013,Charlene,52.0,50-59,F, '86,"Alumni, Degreed",Tommy Tar,International Relations,Work,Winter Park,FL,32789,VP CEO,This Company,2500,"$100,000 - $249,999",100000.0,249999.0,Unknown,B,Cultivation,2015-11-04,200.0,,,200.0,210.0,,200.0,2003-10-17,2018-01-09,Face-to-Face Visit,15.0,7.0,26.0,0,0.0,1.0,0,0.4,0.6,0,0.0,1.0,0,0.21,0.79,0,0.21,0.79
ID014,John ,58.0,50-59,M, '81,"Alumni, Degreed",Tommy Tar,Biology,Permanent,Tampa,FL,33610,Chief Operating Officer,That Corporation,2500,"$50,000 - $99,999",50000.0,99999.0,Unknown,B,Qualification,2013-10-15,500.0,,,,,500.0,,2017-12-13,2015-05-26,Email Contact,3.0,2.0,2.0,0,0.0,1.0,0,0.1,0.9,0,0.0,1.0,0,0.19,0.81,0,0.21,0.79
ID015,Dave,47.0,40-49,M, '92,"Alumni, Degreed",Tommy Tar,Anthropology,Permanent,New York,NY,10001,Supervisor,Another Company,2500,"$500,000 - $999,999",500000.0,999999.0,Unknown,B,Qualification,1996-12-12,25.0,,,,,,,2017-01-19,2013-07-29,Personal Correspondence,13.0,,1.0,0,0.0,1.0,0,0.0,1.0,0,0.0,1.0,0,0.18,0.82,0,0.2,0.8
ID016,John ,50.0,50-59,M, '90,"Alumni, Degreed",Tommy Tar,Economics,Permanent,Winter Park,FL,32789,Director,Yet Another Corporation,2500,"$100,000 - $249,999",100000.0,249999.0,Low,B,Cultivation,2016-03-07,100.0,,,100.0,,100.0,,2017-12-13,2014-10-16,Face-to-Face Visit,6.0,1.0,4.0,0,0.0,1.0,0,0.3,0.7,0,0.0,1.0,0,0.19,0.81,0,0.2,0.8
ID018,Bibi,59.0,50-59,F, '80,"Alumni, Degreed",Tommy Tar,Communication (history): English,Permanent,Winter Park,FL,32789,VP CEO,A Government Entity,2500,"$250,000 - $499,999",250000.0,499999.0,Low,C,Qualification,1997-08-06,50.0,,,,,,,2014-02-26,2013-11-22,Personal Correspondence,3.0,2.0,2.0,0,0.0,1.0,0,0.2,0.8,0,0.0,1.0,0,0.17,0.83,0,0.2,0.8
ID019,Chris ,63.0,60-69,M, '76,"Alumni, Degreed",Tommy Tar,Business Administration,Permanent,Orlando,FL,32827,Chief Operating Officer,This Company,2500,"$100,000 - $249,999",100000.0,249999.0,Unknown,B,Qualification,2015-10-19,250.0,,,250.0,,,250.0,2007-04-10,2015-01-22,Email Contact,12.0,,42.0,0,0.0,1.0,0,0.3,0.7,0,0.0,1.0,0,0.21,0.79,0,0.21,0.79
ID020,George ,54.0,50-59,M, '85,"Alumni, Degreed",Tommy Tar,Mathematics,Permanent,San Francisco,CA,94101,Senior Director,That Corporation,2500,"$50,000 - $99,999",50000.0,99999.0,Low,B,Qualification,2014-03-10,100.0,,,,,100.0,,2013-10-16,2017-03-01,Personal Correspondence,5.0,,3.0,0,0.0,1.0,0,0.2,0.8,0,0.0,1.0,0,0.19,0.81,0,0.2,0.8
ID021,Danielle,70.0,70-79,F, '92MLS,"Alumni, Grad School",Tommy Tar,,Permanent,Orlando,FL,32806,Supervisor,Another Company,2500,"$50,000 - $99,999",50000.0,99999.0,Unknown,C,Qualification,2010-09-02,200.0,,,,,,,2017-02-20,2015-03-17,Personal Correspondence,4.0,1.0,12.0,0,0.0,1.0,0,0.2,0.8,0,0.0,1.0,0,0.19,0.81,0,0.2,0.8
ID022,Marshall,63.0,60-69,M, '78,"Alumni, Degreed",Tommy Tar,Business Administration,Permanent,Apopka,FL,32703,AVP,Yet Another Corporation,2500,"$100,000 - $249,999",100000.0,249999.0,Unknown,C,Qualification,,,,,,,,,2018-03-12,2009-09-21,Phone Call,10.0,1.0,,0,0.0,1.0,0,0.1,0.9,0,0.0,1.0,0,0.17,0.83,0,0.2,0.8
ID023,Fiona ,55.0,50-59,F, '84,"Alumni, Degreed",Tommy Tar,Anthropology-Sociology: Business Administration,Permanent,Minneapolis,MN,55437,VP CEO,A Nonprofit Organization,2500,"$100,000 - $249,999",100000.0,249999.0,Unknown,C,Qualification,1989-03-28,50.0,,,,,,,2015-12-02,2013-04-30,Personal Correspondence,2.0,1.0,1.0,0,0.0,1.0,0,0.2,0.8,0,0.0,1.0,0,0.19,0.81,0,0.2,0.8
ID024,Janet,73.0,70-79,F, '82,"Alumni, Degreed",Tommy Tar,Art History,Permanent,Winter Park,FL,32789,Chief Operating Officer,A Government Entity,2500,"$100,000 - $249,999",100000.0,249999.0,Unknown,D,Qualification,,,,,,,,,,2016-06-21,Personal Correspondence,7.0,,,0,0.0,1.0,0,0.1,0.9,0,0.0,1.0,0,0.18,0.82,0,0.2,0.8
ID025,Jill,68.0,60-69,F, '71,"Alumni, Degreed",Tommy Tar,Studio Art,Permanent,Clarendon Hills,IL,60514,Supervisor,This Company,3000,"$100,000 - $249,999",100000.0,249999.0,Unknown,B,Qualification,2015-05-20,1000.0,,,,1000.0,1000.0,,2013-05-28,2015-05-13,Email Contact,1.0,,9.0,0,0.0,1.0,0,0.2,0.8,0,0.0,1.0,0,0.18,0.82,0,0.23,0.77
ID026,Karen,47.0,40-49,F, '92,"Alumni, Degreed",Tommy Tar,English,Permanent,Maitland,FL,32751,Supervisor,That Corporation,2500,"$100,000 - $249,999",100000.0,249999.0,Unknown,B,Qualification,2017-04-03,250.0,,250.0,,,250.0,200.0,2015-12-01,2017-06-16,Personal Correspondence,11.0,1.0,11.0,1,1.0,0.0,0,0.2,0.8,0,0.0,1.0,0,0.19,0.81,0,0.22,0.78
ID027,Kanye,0.0,0-29,M,,Friend,Tommy Tar,,Permanent,Maitland,FL,32751,AVP,Another Company,2500,"$100,000 - $249,999",100000.0,249999.0,,,Cultivation,,,,,,,,,,2017-03-01,Email Contact,3.0,1.0,,0,0.0,1.0,0,0.1,0.9,0,0.0,1.0,0,0.16,0.84,0,0.2,0.8
ID028,Leslie,73.0,70-79,F, '66,"Alumni, Degreed",Tommy Tar,English: Psychology,Permanent,Winter Park,FL,32789,VP CEO,Yet Another Corporation,2500,"$50,000 - $99,999",50000.0,99999.0,Low,B,Qualification,2017-08-22,75.0,75.0,,100.0,,100.0,,,2017-12-14,Email Contact,8.0,4.0,24.0,0,0.0,1.0,1,0.7,0.3,0,0.4,0.6,0,0.21,0.79,0,0.21,0.79
ID029,Lisa,64.0,60-69,F, '75,"Alumni, Degreed",Tommy Tar,English,Permanent,Orlando,FL,32832,Chief Operating Officer,A Nonprofit Organization,2500,"$100,000 - $249,999",100000.0,249999.0,Moderate,A,Qualification,2018-03-08,50.0,50.0,500.0,550.0,50.0,50.0,1935.0,2004-09-30,2017-11-20,Email Contact,11.0,8.0,34.0,1,1.0,0.0,1,1.0,0.0,1,1.0,0.0,0,0.34,0.66,0,0.25,0.75
ID030,Marion,64.0,60-69,F, '75,"Alumni, Non-Degreed",Tommy Tar,,Permanent,Maitland,FL,32751,Supervisor,A Government Entity,2500,"$250,000 - $499,999",250000.0,499999.0,Unknown,,Qualification,2010-04-19,2000.0,,,,,,,,2018-02-04,Email Contact,2.0,10.0,7.0,0,0.0,1.0,0,0.2,0.8,0,0.0,1.0,0,0.2,0.8,0,0.24,0.76
ID031,Stevie Ray,45.0,40-49,M, '95,"Alumni, Degreed",Tommy Tar,Economics: Mathematics,Permanent,Orlando,FL,32836,Supervisor,This Company,2500,"$100,000 - $249,999",100000.0,249999.0,Unknown,B,Qualification,2008-12-15,500.0,,,,,,,2010-04-27,2009-03-27,Personal Correspondence,16.0,,7.0,0,0.0,1.0,0,0.2,0.8,0,0.0,1.0,0,0.18,0.82,0,0.21,0.79
ID032,Steve ,51.0,50-59,M, '92,"Alumni, Degreed",Tommy Tar,Psychology,Permanent,Winter Park,FL,32789,AVP,That Corporation,2500,"$50,000 - $99,999",50000.0,99999.0,Unknown,B,Qualification,2017-04-21,250.0,,250.0,,250.0,150.0,150.0,2017-05-30,2017-06-16,Personal Correspondence,10.0,2.0,13.0,1,1.0,0.0,0,0.4,0.6,1,0.95,0.05,0,0.22,0.78,0,0.22,0.78
ID033,Mary,59.0,50-59,F, '80,"Alumni, Degreed",Tommy Tar,International Relations,Permanent,San Francisco,CA,94102,VP CEO,Another Company,2500,"$50,000 - $99,999",50000.0,99999.0,Low,C,Qualification,,,,,,,,,2017-12-13,2013-04-05,Personal Correspondence,2.0,,5.0,0,0.0,1.0,0,0.1,0.9,0,0.0,1.0,0,0.19,0.81,0,0.2,0.8
ID034,Angus,59.0,50-59,M, '81,"Alumni, Degreed",Tommy Tar,Business Administration: Politics,Permanent,Winter Park,FL,32789,Chief Operating Officer,Yet Another Corporation,2500,"$50,000 - $99,999",50000.0,99999.0,Low,B,Qualification,2016-11-14,500.0,,500.0,100.0,,,,2017-11-15,2017-10-30,Email Contact,7.0,3.0,19.0,1,1.0,0.0,0,0.4,0.6,0,0.05,0.95,0,0.24,0.76,0,0.24,0.76
ID035,Doug,63.0,60-69,M, '73,"Alumni, Degreed",Tommy Tar,History,Permanent,Golden Oak,FL,32836,Supervisor,A Nonprofit Organization,4000,"$50,000 - $99,999",50000.0,99999.0,Moderate,B,Qualification,2017-12-15,2000.0,2000.0,2500.0,1000.0,2000.0,1885.0,1885.0,2008-03-06,2018-01-10,Personal Correspondence,11.0,4.0,21.0,1,1.0,0.0,1,1.0,0.0,1,1.0,0.0,1,0.75,0.25,1,0.53,0.47
ID036,Ty,0.0,0-29,M,,Friend,Tommy Tar,,Work,Winter Park,FL,32789,Supervisor,A Government Entity,125,,,,Unknown,,Disqualified as a MG Prosp,2017-09-22,2100.0,2100.0,2000.0,4100.0,,,,,2018-01-10,Personal Correspondence,,7.0,5.0,1,1.0,0.0,1,0.6,0.4,1,1.0,0.0,1,0.98,0.02,1,0.65,0.35
ID037,Nora,71.0,70-79,F, '68,"Alumni, Degreed",Tommy Tar,Elementary Education,Permanent,Orlando,FL,32819,AVP,This Company,8500,"$100,000 - $249,999",100000.0,249999.0,Unknown,B,Qualification,2017-12-26,5000.0,5000.0,5000.0,5000.0,5000.0,5000.0,5000.0,2017-11-27,2018-01-10,Personal Correspondence,9.0,,32.0,1,1.0,0.0,1,0.9,0.1,1,1.0,0.0,1,1.0,0.0,1,0.91,0.09
ID038,Nancy,73.0,70-79,F, '85,"Alumni, Degreed",Tommy Tar,Business Administration,Permanent,Winter Park,FL,32789,VP CEO,That Corporation,2500,"$1,000,000 - $4,999,999",1000000.0,4999999.0,Unknown,C,Qualification,2014-04-29,100.0,,,,,100.0,,2015-12-04,2008-12-03,Phone Call,12.0,,7.0,0,0.0,1.0,0,0.2,0.8,0,0.0,1.0,0,0.18,0.82,0,0.2,0.8
ID039,Ophelia,51.0,50-59,F, '95 '03MLS,"Alumni, Degreed",Tommy Tar,Humanities,Permanent,Orlando,FL,32835,Chief Operating Officer,Another Company,20000,"$100,000 - $249,999",100000.0,249999.0,Unknown,B,Cultivation,2017-09-25,15000.0,65000.0,100000.0,50000.0,50000.0,50000.0,20000.0,,2018-01-10,Personal Correspondence,3.0,1.0,13.0,1,1.0,0.0,1,1.0,0.0,1,1.0,0.0,1,1.0,0.0,1,1.0,0.0
ID040,Michael,71.0,70-79,M, '70,"Alumni, Degreed",Tommy Tar,Economics,Permanent,Orlando,FL,32827,Supervisor,Yet Another Corporation,2500,"$50,000 - $99,999",50000.0,99999.0,Unknown,B,Qualification,2014-05-28,2000.0,,,,,2000.0,2000.0,2011-05-24,2017-03-01,Personal Correspondence,9.0,,19.0,0,0.0,1.0,0,0.3,0.7,0,0.0,1.0,0,0.22,0.78,0,0.24,0.76
ID041,Alex,0.0,0-29,M,,Friend,Tommy Tar,,Permanent,Winter Park,FL,32789,Supervisor,A Nonprofit Organization,3000,"$100,000 - $249,999",100000.0,249999.0,Unknown,,Qualification,2017-10-06,1900.0,1900.0,1000.0,5000.0,,,,,2017-11-02,Email Contact,,1.0,3.0,1,1.0,0.0,1,0.9,0.1,1,0.98,0.02,1,0.99,0.01,1,0.62,0.38
ID042,David,67.0,60-69,M, '74 '75MBA P'11 P'12MBA,"Alumni, Degreed",Tommy Tar,Economics,Permanent,Orlando,FL,32836,AVP,A Government Entity,2500,"$100,000 - $249,999",100000.0,249999.0,Unknown,B,Qualification,2017-12-26,200.0,200.0,200.0,200.0,200.0,,,2012-04-09,2017-06-16,Personal Correspondence,6.0,2.0,25.0,1,1.0,0.0,1,0.9,0.1,1,1.0,0.0,0,0.27,0.73,0,0.23,0.77
ID043,Patricia,59.0,50-59,F, '80,"Alumni, Degreed",Tommy Tar,Business Administration,Permanent,Maitland,FL,32751,VP CEO,This Company,2500,"$50,000 - $99,999",50000.0,99999.0,Unknown,B,Qualification,2018-01-02,500.0,500.0,500.0,,,,500.0,2011-05-19,2018-01-26,Email Contact,8.0,5.0,18.0,1,1.0,0.0,0,0.2,0.8,0,0.0,1.0,0,0.23,0.77,0,0.25,0.75
ID044,Alex,69.0,60-69,M, '70,"Alumni, Degreed",Tommy Tar,Psychology,Permanent,Orlando,FL,32814,Chief Operating Officer,That Corporation,2500,"$50,000 - $99,999",50000.0,99999.0,Unknown,B,Qualification,2017-12-23,100.0,100.0,75.0,75.0,75.0,,75.0,2007-11-20,2017-06-16,Personal Correspondence,9.0,,27.0,1,1.0,0.0,1,0.9,0.1,1,1.0,0.0,0,0.24,0.76,0,0.21,0.79
ID045,Janis,47.0,40-49,M, '93,"Alumni, Degreed",Tommy Tar,Politics,Permanent,Orlando,FL,32827,Supervisor,Another Company,4000,"$50,000 - $99,999",50000.0,99999.0,Unknown,B,Qualification,2016-05-03,2500.0,,,2500.0,2500.0,,,2017-10-30,2017-11-21,Email Contact,5.0,1.0,2.0,0,0.0,1.0,0,0.2,0.8,0,0.0,1.0,1,0.73,0.27,0,0.4,0.6
ID046,Neil ,0.0,0-29,M,,Friend,Tommy Tar,,Permanent,Orlando,FL,32832,Supervisor,Yet Another Corporation,2500,"$100,000 - $249,999",100000.0,249999.0,Unknown,,Cultivation,2017-10-30,25000.0,30200.0,25000.0,29200.0,,8500.0,5000.0,,2018-01-10,Personal Correspondence,2.0,11.0,20.0,1,1.0,0.0,1,0.8,0.2,1,1.0,0.0,1,1.0,0.0,1,1.0,0.0
ID047,Buddy,76.0,70-79,M,,Friend,Tommy Tar,,Permanent,New York,NY,10001,AVP,A Nonprofit Organization,4000,"$100,000 - $249,999",100000.0,249999.0,Unknown,,Qualification,2017-08-02,2100.0,2100.0,4100.0,4100.0,5000.0,4600.0,4000.0,2003-12-22,2018-02-26,Email Contact,3.0,7.0,31.0,1,1.0,0.0,1,0.9,0.1,1,1.0,0.0,1,0.99,0.01,1,0.79,0.21
ID048,Tom ,67.0,60-69,M,,Friend,Tommy Tar,,Permanent,San Francisco,CA,94103,VP CEO,A Government Entity,6000,"$500,000 - $999,999",500000.0,999999.0,Unknown,,Not a MG Prospect Now,2017-09-07,2050.0,2050.0,4100.0,2500.0,,4000.0,4000.0,,2018-03-12,Face-to-Face Visit,4.0,10.0,16.0,1,1.0,0.0,1,0.9,0.1,1,1.0,0.0,1,0.96,0.04,1,0.67,0.33
ID049,Neil ,39.0,30-39,M, '01,"Alumni, Degreed",Tommy Tar,History,Permanent,Golden Oak,FL,32836,Chief Operating Officer,This Company,2500,"$50,000 - $99,999",50000.0,99999.0,Unknown,B,Qualification,2011-10-17,250.0,,,,,,,2007-11-20,2010-12-08,Personal Correspondence,8.0,,4.0,0,0.0,1.0,0,0.2,0.8,0,0.0,1.0,0,0.19,0.81,0,0.2,0.8
ID050,Cat,43.0,40-49,M, '96,"Alumni, Degreed",Tommy Tar,Economics,Permanent,New York,NY,10001,Supervisor,That Corporation,125,,,,Unknown,B,Not a MG Prospect Now,2014-01-07,4000.0,,,,,4000.0,6000.0,,2015-11-16,Face-to-Face Visit,12.0,2.0,1.0,0,0.0,1.0,0,0.1,0.9,0,0.0,1.0,0,0.26,0.74,0,0.3,0.7
ID051,Eddie ,57.0,50-59,M, '83,"Alumni, Degreed",Tommy Tar,Philosophy,Permanent,New York,NY,10001,Supervisor,Another Company,2500,"$50,000 - $99,999",50000.0,99999.0,Unknown,C,Qualification,2004-12-15,500.0,,,,,,,2017-12-13,2004-12-16,Personal Correspondence,12.0,1.0,12.0,0,0.0,1.0,0,0.2,0.8,0,0.0,1.0,0,0.18,0.82,0,0.21,0.79
ID052,Jimi ,72.0,70-79,M,,Friend,Tommy Tar,,Permanent,Andover,MA,1810,AVP,Yet Another Corporation,2500,"$100,000 - $249,999",100000.0,249999.0,Unknown,,Qualification,2018-01-31,10000.0,10000.0,,,,10000.0,10000.0,2016-03-03,2017-02-22,Phone Call,4.0,,10.0,0,0.0,1.0,0,0.2,0.8,0,0.0,1.0,1,0.8,0.2,1,0.75,0.25
ID053,Penny,65.0,60-69,F, '75,"Alumni, Degreed",Tommy Tar,Behavioral Science,Permanent,Winter Park,FL,32789,VP CEO,A Nonprofit Organization,2500,"$100,000 - $249,999",100000.0,249999.0,Unknown,C,Qualification,2008-02-21,250.0,,,,,,,2017-12-13,2013-02-25,Personal Correspondence,8.0,,13.0,0,0.0,1.0,0,0.1,0.9,0,0.0,1.0,0,0.19,0.81,0,0.2,0.8
ID054,Miles,75.0,70-79,M, '66,"Alumni, Degreed",Tommy Tar,Business,Permanent,Winter Park,FL,32789,Chief Operating Officer,A Government Entity,2500,"$100,000 - $249,999",100000.0,249999.0,Unknown,C,Qualification,,,,,,,,,2014-10-17,2016-10-12,Phone Call,5.0,,,0,0.0,1.0,0,0.1,0.9,0,0.0,1.0,0,0.18,0.82,0,0.2,0.8
ID055,Jaco ,71.0,70-79,M, '68,"Alumni, Degreed",Tommy Tar,History,Permanent,New York,NY,10001,Account Executive,This Company,2500,"$50,000 - $99,999",50000.0,99999.0,Unknown,A,Not a MG Prospect Now,2017-12-26,300.0,300.0,200.0,550.0,940.0,800.0,580.0,2012-05-16,2017-10-25,Phone Call,9.0,,70.0,1,1.0,0.0,1,1.0,0.0,1,1.0,0.0,0,0.34,0.66,0,0.25,0.75
ID056,James,47.0,40-49,M, '92,"Alumni, Degreed",Tommy Tar,Art History,Permanent,New York,NY,10001,Supervisor,That Corporation,2500,"$50,000 - $99,999",50000.0,99999.0,Unknown,B,Qualification,2017-03-31,100.0,,100.0,,,,,2017-12-13,2017-06-16,Personal Correspondence,10.0,,9.0,1,1.0,0.0,0,0.4,0.6,0,0.0,1.0,0,0.19,0.81,0,0.21,0.79
ID057,George,76.0,70-79,M, '63,"Alumni, Degreed",Tommy Tar,Studio Art,Permanent,New York,NY,10002,AVP,Another Company,4000,"$50,000 - $99,999",50000.0,99999.0,High,A,Cultivation,2017-12-18,2500.0,2550.0,2550.0,2540.0,2540.0,2530.0,1945.0,2014-06-16,2018-01-10,Personal Correspondence,6.0,18.0,57.0,1,1.0,0.0,1,1.0,0.0,1,1.0,0.0,1,0.93,0.07,1,0.65,0.35
ID058,John ,75.0,70-79,M, '64 P'97MAT P'97 P'01MBA,"Alumni, Degreed",Tommy Tar,Pre-Medicine - (history),Permanent,New York,NY,10002,VP CEO,Yet Another Corporation,2500,"$50,000 - $99,999",50000.0,99999.0,Moderate,A,Stewardship,2017-12-21,10000.0,10000.0,25000.0,2500.0,22000.0,15000.0,36000.0,2014-06-16,2018-01-10,Personal Correspondence,9.0,4.0,36.0,1,1.0,0.0,1,0.9,0.1,1,1.0,0.0,1,1.0,0.0,1,1.0,0.0
ID059,Rachel,33.0,30-39,F,,Friend,Tommy Tar,,Permanent,New York,NY,10002,Chief Operating Officer,A Nonprofit Organization,125,,,,Unknown,,Qualification,2017-12-13,2100.0,2100.0,,1544.0,,3500.0,,,2018-01-10,Personal Correspondence,,6.0,6.0,0,0.0,1.0,1,0.6,0.4,1,0.93,0.07,1,0.68,0.32,0,0.38,0.62
ID060,Chuck,65.0,60-69,M,,"Trustee, Former",Tommy Tar,,Permanent,Orlando,FL,32832,Supervisor,A Government Entity,2500,"$5,000,000 - $9,999,999",5000000.0,9999999.0,Unknown,,Qualification,2000-02-10,1000.0,,,,,,,,2001-02-15,Personal Correspondence,,,3.0,0,0.0,1.0,0,0.1,0.9,0,0.0,1.0,0,0.21,0.79,0,0.22,0.78
ID061,John ,74.0,70-79,M, '67,"Alumni, Degreed",Tommy Tar,Spanish,Permanent,Orlando,FL,32804,Supervisor,This Company,2500,"$500,000 - $999,999",500000.0,999999.0,Unknown,D,Qualification,2004-03-31,100.0,,,,,,,2009-02-18,2016-11-30,Personal Correspondence,4.0,,1.0,0,0.0,1.0,0,0.2,0.8,0,0.0,1.0,0,0.19,0.81,0,0.2,0.8
ID062,Dave,50.0,50-59,M, '12MLS,"Alumni, Grad School",Tommy Tar,,Permanent,New York,NY,10002,AVP,That Corporation,2500,"$50,000 - $99,999",50000.0,99999.0,Unknown,C,Qualification,2017-12-19,2500.0,2500.0,,,,4000.0,4000.0,,2017-12-18,Email Contact,1.0,4.0,5.0,0,0.0,1.0,0,0.2,0.8,0,0.0,1.0,0,0.31,0.69,0,0.33,0.67
ID063,Sally,57.0,50-59,F, '82,"Alumni, Degreed",Tommy Tar,Biology,Permanent,Orlando,FL,32827,VP CEO,Another Company,2500,"$100,000 - $249,999",100000.0,249999.0,Unknown,B,Qualification,2016-10-03,500.0,,500.0,50.0,,,100.0,2014-02-20,2017-12-14,Event,9.0,2.0,17.0,1,1.0,0.0,0,0.5,0.5,0,0.0,1.0,0,0.22,0.78,0,0.24,0.76
ID064,Sara,0.0,0-29,F, '80,"Alumni, Degreed",Tommy Tar,,Permanent,Winter Park,FL,32789,Chief Operating Officer,Yet Another Corporation,125,,,,Unknown,C,Qualification,2017-03-24,2000.0,,2000.0,,,,,2014-03-31,2017-06-16,Personal Correspondence,2.0,,5.0,1,1.0,0.0,0,0.4,0.6,0,0.01,0.99,0,0.38,0.62,0,0.36,0.64
ID065,B.B.,71.0,70-79,M, '69,"Alumni, Degreed",Tommy Tar,Business Administration,Permanent,Winter Park,FL,32789,Supervisor,A Nonprofit Organization,2500,"$100,000 - $249,999",100000.0,249999.0,Low,B,Cultivation,2017-12-27,200.0,200.0,200.0,200.0,200.0,,,2014-06-16,2018-01-11,Face-to-Face Visit,10.0,4.0,18.0,1,1.0,0.0,1,0.9,0.1,1,1.0,0.0,0,0.25,0.75,0,0.23,0.77
ID066,Sheryl,49.0,40-49,F, '90,"Alumni, Degreed",Tommy Tar,Politics,Permanent,Guilford,CT,6437,Supervisor,A Government Entity,2500,"$50,000 - $99,999",50000.0,99999.0,Unknown,B,Qualification,2013-03-28,50.0,,,,,,50.0,2018-03-12,2017-03-01,Personal Correspondence,14.0,,14.0,0,0.0,1.0,0,0.3,0.7,0,0.0,1.0,0,0.19,0.81,0,0.2,0.8
ID067,Teresa,71.0,70-79,F, '68,"Alumni, Degreed",Tommy Tar,Sociology,Permanent,Jacksonville,FL,32246,AVP,This Company,2500,"$100,000 - $249,999",100000.0,249999.0,Unknown,C,Qualification,1994-03-14,25.0,,,,,,,2017-12-13,,,10.0,,2.0,0,0.0,1.0,0,0.0,1.0,0,0.0,1.0,0,0.17,0.83,0,0.2,0.8
ID068,Duncan ,52.0,50-59,M, '88,"Alumni, Degreed",Tommy Tar,Economics,Permanent,Spicewood,TX,78669,VP CEO,That Corporation,2500,"$100,000 - $249,999",100000.0,249999.0,Unknown,B,Qualification,,,,,,,,,2017-11-02,2017-11-02,Attempted Contact; Email Contact,8.0,,,0,0.0,1.0,0,0.0,1.0,0,0.0,1.0,0,0.18,0.82,0,0.2,0.8
ID069,Marshall,58.0,50-59,M, '81,"Alumni, Non-Degreed",Tommy Tar,,Permanent,Orlando,FL,32819,Chief Operating Officer,Another Company,2500,"$50,000 - $99,999",50000.0,99999.0,Unknown,,Cultivation,2015-11-04,100.0,,,100.0,,,,2017-12-21,2016-11-08,Personal Correspondence,7.0,,3.0,0,0.0,1.0,0,0.4,0.6,0,0.01,0.99,0,0.2,0.8,0,0.2,0.8
ID070,Vanessa,66.0,60-69,F, '74,"Alumni, Degreed",Tommy Tar,Elementary Education,Permanent,Winter Park,FL,32789,Supervisor,Yet Another Corporation,3000,"$250,000 - $499,999",250000.0,499999.0,Unknown,B,Qualification,2015-11-04,100.0,,,100.0,1000.0,1000.0,300.0,2017-12-13,2013-10-03,Personal Correspondence,7.0,,24.0,0,0.0,1.0,1,0.6,0.4,0,0.34,0.66,0,0.19,0.81,0,0.21,0.79
ID071,Wendy,48.0,40-49,F, '91,"Alumni, Degreed",Tommy Tar,Area Studies,Permanent,New York,NY,10002,Supervisor,A Nonprofit Organization,2500,"$250,000 - $499,999",250000.0,499999.0,Unknown,B,Qualification,2013-10-21,50.0,,,,,50.0,,,2017-03-02,Personal Correspondence,11.0,,18.0,0,0.0,1.0,0,0.2,0.8,0,0.0,1.0,0,0.17,0.83,0,0.2,0.8
ID072,Cat,68.0,60-69,F, '72 P'02MBA,"Alumni, Degreed",Tommy Tar,Spanish,Permanent,Winter Park,FL,32789,AVP,A Government Entity,2500,"$50,000 - $99,999",50000.0,99999.0,Unknown,C,Qualification,2000-05-17,1000.0,,,,,,,2013-09-25,2017-03-02,Personal Correspondence,7.0,4.0,1.0,0,0.0,1.0,0,0.3,0.7,0,0.0,1.0,0,0.21,0.79,0,0.22,0.78
ID073,Karen,70.0,70-79,F, '70,"Alumni, Degreed",Tommy Tar,Psychology,Permanent,Orlando,FL,32836,VP CEO,This Company,125,"$50,000 - $99,999",50000.0,99999.0,Unknown,B,Qualification,2017-05-15,50.0,,50.0,75.0,25.0,50.0,25.0,2013-05-29,2017-06-16,Personal Correspondence,9.0,,23.0,1,1.0,0.0,0,0.5,0.5,1,1.0,0.0,0,0.23,0.77,0,0.21,0.79
ID074,Kanye,51.0,50-59,M, '89,"Alumni, Degreed",Tommy Tar,Religious Studies,Permanent,Orlando,FL,32820,Chief Operating Officer,That Corporation,2500,"$250,000 - $499,999",250000.0,499999.0,Unknown,C,Cultivation,2009-03-03,20.0,,,,,,,2017-12-13,2014-09-04,Email Contact,9.0,3.0,16.0,0,0.0,1.0,0,0.0,1.0,0,0.0,1.0,0,0.17,0.83,0,0.2,0.8
ID075,Lenny,59.0,50-59,M, '80,"Alumni, Degreed",Tommy Tar,Business Administration,Permanent,Orlando,FL,32827,Supervisor,Another Company,2500,"$50,000 - $99,999",50000.0,99999.0,Moderate,B,Cultivation,2012-03-27,2000.0,,,,,,,2012-02-01,2016-12-13,Personal Correspondence,15.0,18.0,22.0,0,0.0,1.0,0,0.3,0.7,0,0.0,1.0,0,0.22,0.78,0,0.24,0.76
ID076,Lee,72.0,70-79,F, '68,"Alumni, Non-Degreed",Tommy Tar,,Permanent,Orlando,FL,32819,Supervisor,Yet Another Corporation,2500,"$50,000 - $99,999",50000.0,99999.0,Unknown,,Qualification,2003-11-20,2000.0,,,,,,,,2014-02-17,Phone Call,3.0,,3.0,0,0.0,1.0,0,0.3,0.7,0,0.0,1.0,0,0.22,0.78,0,0.24,0.76
ID077,Pete ,46.0,40-49,M, '93,"Alumni, Degreed",Tommy Tar,English,Permanent,Orlando,FL,32819,AVP,A Nonprofit Organization,2500,"$50,000 - $99,999",50000.0,99999.0,Low,B,Qualification,2009-10-02,125.0,,,,,,,2017-12-13,2013-10-03,Email Contact,9.0,,16.0,0,0.0,1.0,0,0.2,0.8,0,0.0,1.0,0,0.19,0.81,0,0.2,0.8
ID078,Amanda,55.0,50-59,F, '84,"Alumni, Degreed",Tommy Tar,Psychology,Permanent,Winter Park,FL,32789,VP CEO,A Government Entity,2500,"$50,000 - $99,999",50000.0,99999.0,Unknown,B,Qualification,2014-02-24,500.0,,,,,1000.0,750.0,2017-12-13,2014-09-02,Email Contact,7.0,,14.0,0,0.0,1.0,0,0.1,0.9,0,0.0,1.0,0,0.19,0.81,0,0.21,0.79
ID079,Steve ,51.0,50-59,M, '89,"Alumni, Degreed",Tommy Tar,History,Work,New York,NY,10002,Chief Operating Officer,This Company,2500,"$500,000 - $999,999",500000.0,999999.0,Moderate,B,Cultivation,2010-12-20,5000.0,,,,,,,2018-03-13,2016-12-06,Personal Correspondence,11.0,2.0,7.0,0,0.0,1.0,0,0.2,0.8,0,0.01,0.99,0,0.29,0.71,0,0.33,0.67
ID080,Robert ,81.0,80-89,M, '99MLS,"Alumni, Grad School",Tommy Tar,,Permanent,Orlando,FL,32827,Supervisor,That Corporation,2500,"$250,000 - $499,999",250000.0,499999.0,Unknown,B,Cultivation,2017-03-22,10000.0,,10050.0,,250.0,,,2017-11-20,2018-03-08,Face-to-Face Visit,7.0,8.0,17.0,1,1.0,0.0,0,0.3,0.7,0,0.38,0.62,1,0.96,0.04,1,0.83,0.17
ID081,Kelly,47.0,40-49,F, '92,"Alumni, Degreed",Tommy Tar,Anthropology,Permanent,Maitland,FL,32751,Supervisor,Another Company,2500,"$50,000 - $99,999",50000.0,99999.0,Unknown,B,Qualification,2012-03-19,250.0,,,,,,,2013-07-10,2015-08-26,Email Contact,2.0,,1.0,0,0.0,1.0,0,0.2,0.8,0,0.0,1.0,0,0.18,0.82,0,0.2,0.8
ID082,Vicky,70.0,70-79,F, '68,"Alumni, Degreed",Tommy Tar,Spanish,Permanent,Orlando,FL,32806,AVP,Yet Another Corporation,2500,"$100,000 - $249,999",100000.0,249999.0,Low,B,Qualification,2018-02-06,100.0,100.0,,,,314.16,1884.96,2012-11-06,2018-03-23,Face-to-Face Visit,10.0,10.0,52.0,0,0.0,1.0,0,0.2,0.8,0,0.0,1.0,0,0.18,0.82,0,0.2,0.8
ID083,Ty,0.0,0-29,M, P'21,"Parent, Current",Tommy Tar,,Permanent,Altamonte Springs,FL,32714,VP CEO,A Nonprofit Organization,4000,"$50,000 - $99,999",50000.0,99999.0,Unknown,,Qualification,2017-09-18,5000.0,5000.0,3000.0,2100.0,5000.0,,,,2018-02-05,Face-to-Face Visit,,3.0,5.0,1,1.0,0.0,1,0.9,0.1,1,1.0,0.0,1,0.96,0.04,1,0.79,0.21
ID084,Dana,64.0,60-69,F, '11MLS P'11,"Alumni, Grad School",Tommy Tar,,Permanent,Winter Park,FL,32789,Chief Operating Officer,A Government Entity,3000,,,,Unknown,B,Disqualified as a MG Prosp,2017-12-27,2000.0,4100.0,4100.0,100.0,4100.0,4250.0,2300.0,,2018-01-10,Personal Correspondence,,8.0,221.0,1,1.0,0.0,1,0.8,0.2,1,1.0,0.0,1,0.75,0.25,1,0.65,0.35
ID085,Brian,0.0,0-29,M,,Friend,Tommy Tar,,Permanent,New York,NY,10003,Supervisor,This Company,2500,"$250,000 - $499,999",250000.0,499999.0,Unknown,,Qualification,2014-04-23,2000.0,,,,,2000.0,,,,,,,1.0,0,0.0,1.0,0,0.2,0.8,0,0.0,1.0,0,0.19,0.81,0,0.24,0.76
ID086,Nancy,0.0,0-29,F, '67MAT,"Alumni, Grad School",Tommy Tar,,Permanent,Winter Park,FL,32789,Supervisor,That Corporation,15000,"$1,000,000 - $4,999,999",1000000.0,4999999.0,High,B,Cultivation,2018-01-16,2000.0,12000.0,13000.0,6500.0,4000.0,13500.0,24000.0,2012-01-17,2018-02-09,Phone Call,27.0,5.0,88.0,1,1.0,0.0,1,0.9,0.1,1,1.0,0.0,1,1.0,0.0,1,0.97,0.03
ID087,Michael,0.0,0-29,M,,Friend,Tommy Tar,,Work,Orlando,FL,32819,AVP,Another Company,6000,"$250,000 - $499,999",250000.0,499999.0,Unknown,,Solicitation,2017-10-06,5700.0,7800.0,6360.0,4100.0,2250.0,6660.0,5760.0,2017-11-10,2018-03-08,Face-to-Face Visit,2.0,7.0,33.0,1,1.0,0.0,1,0.7,0.3,1,1.0,0.0,1,1.0,0.0,1,0.91,0.09
ID088,Katherine,52.0,50-59,F, '87,"Alumni, Degreed",Tommy Tar,Anthropology-Sociology,Permanent,New York,NY,10003,VP CEO,Yet Another Corporation,2500,"$50,000 - $99,999",50000.0,99999.0,High,B,Cultivation,2017-03-08,250.0,,250.0,,,,,2017-11-15,2017-06-16,Personal Correspondence,14.0,8.0,20.0,1,1.0,0.0,0,0.3,0.7,0,0.01,0.99,0,0.21,0.79,0,0.22,0.78
ID089,David,71.0,70-79,M, '68 '69MBA,"Alumni, Degreed",Tommy Tar,Economics,Permanent,San Francisco,CA,94103,Chief Operating Officer,A Nonprofit Organization,8500,"$50,000 - $99,999",50000.0,99999.0,High,A,Not a MG Prospect Now,2017-10-19,5000.0,5000.0,5000.0,7100.0,5000.0,5000.0,1885.0,2004-09-14,2018-01-10,Personal Correspondence,11.0,10.0,62.0,1,1.0,0.0,1,1.0,0.0,1,1.0,0.0,1,1.0,0.0,1,0.94,0.06
ID090,Catherine,47.0,40-49,F, '92,"Alumni, Degreed",Tommy Tar,Music,Permanent,Orlando,FL,32836,Supervisor,A Government Entity,2500,"$50,000 - $99,999",50000.0,99999.0,Unknown,B,Cultivation,2012-10-29,100.0,,,,,,100.0,2012-07-05,2016-12-06,Personal Correspondence,10.0,,5.0,0,0.0,1.0,0,0.4,0.6,0,0.0,1.0,0,0.19,0.81,0,0.2,0.8
ID091,Elaine,66.0,60-69,F, '08MA,"Alumni, Grad School",Tommy Tar,,Permanent,Orlando,FL,32832,Supervisor,This Company,6000,,,,Unknown,B,Disqualified as a MG Prosp,2017-05-24,2100.0,,4375.0,2100.0,2000.0,4000.0,4000.0,,2018-01-10,Personal Correspondence,2.0,4.0,9.0,1,1.0,0.0,0,0.3,0.7,1,1.0,0.0,1,0.92,0.08,1,0.65,0.35
ID092,Julie,45.0,40-49,F, '98,"Alumni, Degreed",Tommy Tar,Organizational Communication,Permanent,San Francisco,CA,94103,AVP,That Corporation,4000,"$50,000 - $99,999",50000.0,99999.0,Unknown,A,Solicitation,2018-01-18,1000.0,5700.0,3000.0,8000.0,10020.15,4000.0,4000.0,,2018-03-12,Face-to-Face Visit (Tandem),6.0,17.0,29.0,1,1.0,0.0,1,0.8,0.2,1,1.0,0.0,1,1.0,0.0,1,0.88,0.12
ID093,Joy,73.0,70-79,F, '67,"Alumni, Degreed",Tommy Tar,English,Permanent,Natick,MA,1760,VP CEO,Another Company,15000,"$50,000 - $99,999",50000.0,99999.0,Unknown,B,Qualification,2017-11-20,500.0,500.0,13792.0,130.0,100.0,100.0,100.0,,2018-01-10,Personal Correspondence,7.0,,38.0,1,1.0,0.0,1,1.0,0.0,1,1.0,0.0,1,0.98,0.02,1,0.76,0.24
ID094,Buddy,62.0,60-69,M, '78,"Alumni, Degreed",Tommy Tar,Business Administration,Permanent,Papillion,NE,68046,Chief Operating Officer,Yet Another Corporation,2500,"$100,000 - $249,999",100000.0,249999.0,Unknown,B,Qualification,2016-11-08,100.0,,100.0,,,1885.0,1885.0,2013-11-18,2017-06-16,Personal Correspondence,18.0,,12.0,1,1.0,0.0,0,0.3,0.7,0,0.0,1.0,0,0.19,0.81,0,0.21,0.79
ID095,Tom ,50.0,50-59,M, '90,"Alumni, Degreed",Tommy Tar,Art History,Permanent,Orlando,FL,32827,Supervisor,A Nonprofit Organization,2500,"$50,000 - $99,999",50000.0,99999.0,Unknown,B,Stewardship,2016-02-29,2500.0,,,2500.0,2500.0,2500.0,,2012-04-16,2018-01-26,Email Contact,23.0,8.0,17.0,0,0.0,1.0,1,0.6,0.4,1,1.0,0.0,1,0.78,0.22,0,0.4,0.6
ID096,Nell,58.0,50-59,F, '82 P'15,"Alumni, Degreed",Tommy Tar,Elementary Education,Permanent,New York,NY,10003,Supervisor,A Government Entity,2500,"$100,000 - $249,999",100000.0,249999.0,Unknown,C,Qualification,1990-12-14,100.0,,,,,,,2009-09-24,2014-03-14,Email Contact,4.0,1.0,3.0,0,0.0,1.0,0,0.2,0.8,0,0.0,1.0,0,0.17,0.83,0,0.2,0.8
ID097,Cat,0.0,0-29,F,,Friend,Tommy Tar,,Work,Winter Park,FL,32789,AVP,This Company,125,,,,Unknown,,Disqualified as a MG Prosp,2017-10-06,500.0,2600.0,,,,,,,2018-01-10,Personal Correspondence,1.0,8.0,5.0,0,0.0,1.0,0,0.3,0.7,1,0.56,0.44,0,0.28,0.72,0,0.28,0.72
ID098,Eddie ,50.0,50-59,M, '90,"Alumni, Degreed",Tommy Tar,Economics,Permanent,New York,NY,10003,VP CEO,That Corporation,2500,"$50,000 - $99,999",50000.0,99999.0,Unknown,C,Qualification,1998-12-30,25.0,,,,,,,2017-12-13,,,3.0,,4.0,0,0.0,1.0,0,0.1,0.9,0,0.0,1.0,0,0.18,0.82,0,0.2,0.8
ID099,George,50.0,50-59,M, P'21,"Parent, Current",Pioneer Pete,,Permanent,Altamonte Springs,FL,32714,Supervisor,Yet Another Corporation,2500,"$50,000 - $99,999",50000.0,99999.0,Unknown,B,Qualification,2014-05-28,2000.0,,,,,2000.0,2000.0,2011-05-24,2017-03-01,Personal Correspondence,9.0,,19.0,0,0.0,1.0,0,0.1,0.9,0,0.0,1.0,0,0.23,0.77,0,0.24,0.76
ID100,Jimi ,0.0,0-29,M, '78,"Alumni, Degreed",Tommy Tar,,Permanent,Orlando,FL,32836,Chief Operating Officer,Another Company,2500,"$100,000 - $249,999",100000.0,249999.0,Unknown,D,Qualification,,,,,,,,,,,,,,,0,0.0,1.0,0,0.1,0.9,0,0.0,1.0,0,0.17,0.83,0,0.2,0.8
ID101,John ,59.0,50-59,M,,Friend,Pioneer Pete,,Permanent,Andover,MA,1810,AVP,A Nonprofit Organization,2500,"$50,000 - $99,999",50000.0,99999.0,Low,B,Qualification,2009-10-02,125.0,,,,,,,2017-12-13,2013-10-03,Email Contact,9.0,,16.0,0,0.0,1.0,0,0.1,0.9,0,0.0,1.0,0,0.19,0.81,0,0.2,0.8
ID102,Kurt ,55.0,50-59,M, '85 P'20,"Alumni, Degreed",Tommy Tar,Chemistry,Permanent,New Haven,CT,6511,Supervisor,Yet Another Corporation,3000,"$100,000 - $249,999",100000.0,249999.0,Unknown,B,Qualification,2016-11-16,1000.0,,1000.0,,,,,2014-03-24,2017-06-16,Personal Correspondence,4.0,,3.0,1,1.0,0.0,0,0.4,0.6,0,0.0,1.0,0,0.26,0.74,0,0.27,0.73
ID103,Rachel,73.0,70-79,M, '78,"Alumni, Degreed",Pioneer Pete,,Permanent,Apopka,FL,32703,Supervisor,This Company,2500,"$100,000 - $249,999",100000.0,249999.0,Unknown,B,Qualification,2015-05-20,1000.0,,,,1000.0,1000.0,,2013-05-28,2015-05-13,Email Contact,1.0,,9.0,0,0.0,1.0,0,0.3,0.7,0,0.0,1.0,0,0.18,0.82,0,0.23,0.77
ID104,Dave,73.0,70-79,F, '71,"Alumni, Degreed",Pioneer Pete,,Permanent,Clarendon Hills,IL,60514,Supervisor,Another Company,2500,"$50,000 - $99,999",50000.0,99999.0,Unknown,C,Qualification,2010-09-02,200.0,,,,,,,2017-02-20,2015-03-17,Personal Correspondence,4.0,1.0,12.0,0,0.0,1.0,0,0.2,0.8,0,0.0,1.0,0,0.18,0.82,0,0.2,0.8
ID105,Wendy,51.0,50-59,M, '73,"Alumni, Degreed",Pioneer Pete,,Permanent,Golden Oak,FL,32836,VP CEO,That Corporation,2500,"$250,000 - $499,999",250000.0,499999.0,Unknown,D,Qualification,2002-09-11,2500.0,,,,,,,2013-11-14,,,4.0,,11.0,0,0.0,1.0,0,0.1,0.9,0,0.0,1.0,0,0.21,0.79,0,0.26,0.74
ID106,Steve ,59.0,50-59,M, '01,"Alumni, Degreed",Pioneer Pete,,Permanent,Golden Oak,FL,32836,AVP,That Corporation,2500,"$50,000 - $99,999",50000.0,99999.0,Unknown,C,Qualification,2017-12-19,2500.0,2500.0,,,,4000.0,4000.0,,2017-12-18,Email Contact,1.0,4.0,5.0,0,0.0,1.0,0,0.1,0.9,0,0.0,1.0,0,0.32,0.68,0,0.33,0.67
ID107,Brian,0.0,0-29,F, '90,"Alumni, Degreed",Pioneer Pete,,Permanent,Guilford,CT,6437,Account Executive,This Company,2500,"$50,000 - $99,999",50000.0,99999.0,Unknown,A,Not a MG Prospect Now,2017-12-26,300.0,300.0,200.0,550.0,940.0,800.0,580.0,2012-05-16,2017-10-25,Phone Call,9.0,,70.0,1,1.0,0.0,1,1.0,0.0,1,1.0,0.0,0,0.35,0.65,0,0.25,0.75
ID108,Katherine,73.0,70-79,F, '68,"Alumni, Degreed",Pioneer Pete,,Permanent,Jacksonville,FL,32246,Supervisor,Yet Another Corporation,4000,"$50,000 - $99,999",50000.0,99999.0,Unknown,B,Qualification,2014-05-28,2000.0,,,,,2000.0,2000.0,2011-05-24,2017-03-01,Personal Correspondence,9.0,,19.0,0,0.0,1.0,0,0.2,0.8,0,0.0,1.0,0,0.22,0.78,0,0.24,0.76
ID109,Nell,0.0,0-29,M, '09,"Alumni, Degreed",Pioneer Pete,,Permanent,Maitland,FL,32751,Assistant Vice President,That Corporation,2500,"$100,000 - $249,999",100000.0,249999.0,Unknown,D,Qualification,,,,,,,,,,,,5.0,,,0,0.0,1.0,0,0.0,1.0,0,0.0,1.0,0,0.17,0.83,0,0.2,0.8
ID110,Eddie ,65.0,60-69,F, '92,"Alumni, Degreed",Pioneer Pete,,Permanent,Maitland,FL,32751,Chief Operating Officer,A Government Entity,2500,,,,Unknown,B,Disqualified as a MG Prosp,2017-12-27,2000.0,4100.0,4100.0,100.0,4100.0,4250.0,2300.0,,2018-01-10,Personal Correspondence,,8.0,221.0,1,1.0,0.0,1,0.8,0.2,1,1.0,0.0,1,0.74,0.26,1,0.65,0.35
ID111,Tom ,75.0,70-79,M,,Friend,Pioneer Pete,,Permanent,Maitland,FL,32751,VP CEO,This Company,2500,"$50,000 - $99,999",50000.0,99999.0,Unknown,B,Qualification,2018-01-02,500.0,500.0,500.0,,,,500.0,2011-05-19,2018-01-26,Email Contact,8.0,5.0,18.0,1,1.0,0.0,0,0.4,0.6,0,0.0,1.0,0,0.23,0.77,0,0.25,0.75
ID112,Cat,0.0,0-29,F, '75,"Alumni, Non-Degreed",Pioneer Pete,,Permanent,Maitland,FL,32751,AVP,Another Company,2500,"$100,000 - $249,999",100000.0,249999.0,,,Cultivation,,,,,,,,,,2017-03-01,Email Contact,3.0,1.0,,0,0.0,1.0,0,0.0,1.0,0,0.0,1.0,0,0.16,0.84,0,0.2,0.8
ID113,Kurt ,71.0,70-79,F, '80,"Alumni, Degreed",Pioneer Pete,,Permanent,Maitland,FL,32751,Supervisor,A Government Entity,2500,"$50,000 - $99,999",50000.0,99999.0,Unknown,B,Qualification,2013-03-28,50.0,,,,,,50.0,2018-03-12,2017-03-01,Personal Correspondence,14.0,,14.0,0,0.0,1.0,0,0.2,0.8,0,0.0,1.0,0,0.18,0.82,0,0.2,0.8
ID114,Alberta,66.0,60-69,F, '92,"Alumni, Degreed",Pioneer Pete,,Permanent,Maitland,FL,32751,Director,Yet Another Corporation,15000,"$100,000 - $249,999",100000.0,249999.0,Low,B,Cultivation,2016-03-07,100.0,,,100.0,,100.0,,2017-12-13,2014-10-16,Face-to-Face Visit,6.0,1.0,4.0,0,0.0,1.0,0,0.3,0.7,0,0.0,1.0,0,0.2,0.8,0,0.2,0.8
ID115,Chris ,68.0,60-69,F, '84,"Alumni, Degreed",Pioneer Pete,,Permanent,Minneapolis,MN,55437,Supervisor,That Corporation,4000,,,,Unknown,B,Not a MG Prospect Now,2014-01-07,4000.0,,,,,4000.0,6000.0,,2015-11-16,Face-to-Face Visit,12.0,2.0,1.0,0,0.0,1.0,0,0.2,0.8,0,0.0,1.0,0,0.27,0.73,0,0.3,0.7
ID116,Danielle,55.0,50-59,F, '67,"Alumni, Degreed",Pioneer Pete,,Permanent,Natick,MA,1760,VP CEO,A Government Entity,6000,"$500,000 - $999,999",500000.0,999999.0,Unknown,,Not a MG Prospect Now,2017-09-07,2050.0,2050.0,4100.0,2500.0,,4000.0,4000.0,,2018-03-12,Face-to-Face Visit,4.0,10.0,16.0,1,1.0,0.0,1,1.0,0.0,1,1.0,0.0,1,0.96,0.04,1,0.67,0.33
ID117,Lisa,64.0,60-69,M, '85 P'20,"Alumni, Degreed",Pioneer Pete,,Permanent,New Haven,CT,6511,Chief Operating Officer,That Corporation,2500,"$250,000 - $499,999",250000.0,499999.0,Unknown,C,Cultivation,2009-03-03,20.0,,,,,,,2017-12-13,2014-09-04,Email Contact,9.0,3.0,16.0,0,0.0,1.0,0,0.1,0.9,0,0.0,1.0,0,0.17,0.83,0,0.2,0.8
ID118,Stevie Ray,0.0,0-29,F, '84,"Alumni, Degreed",Pioneer Pete,,Permanent,New York,NY,10001,AVP,Another Company,6000,"$250,000 - $499,999",250000.0,499999.0,Unknown,,Solicitation,2017-10-06,5700.0,7800.0,6360.0,4100.0,2250.0,6660.0,5760.0,2017-11-10,2018-03-08,Face-to-Face Visit,2.0,7.0,33.0,1,1.0,0.0,1,0.8,0.2,1,1.0,0.0,1,1.0,0.0,1,0.91,0.09
ID119,Nora,0.0,0-29,F, '83,"Alumni, Degreed",Pioneer Pete,,Permanent,New York,NY,10001,AVP,This Company,125,,,,Unknown,,Disqualified as a MG Prosp,2017-10-06,500.0,2600.0,,,,,,,2018-01-10,Personal Correspondence,1.0,8.0,5.0,0,0.0,1.0,0,0.4,0.6,1,0.77,0.23,0,0.27,0.73,0,0.28,0.72
ID120,Ophelia,0.0,0-29,M, '95,"Alumni, Degreed",Pioneer Pete,,Permanent,New York,NY,10001,AVP,A Nonprofit Organization,75,,,,Unknown,B,Disqualified as a MG Prosp,2015-12-22,5000.0,,,7100.0,,,,,2018-01-10,Personal Correspondence,6.0,2.0,3.0,0,0.0,1.0,0,0.3,0.7,1,0.98,0.02,1,1.0,0.0,1,0.68,0.32
ID121,Michael,72.0,70-79,M, '92,"Alumni, Degreed",Pioneer Pete,,Permanent,New York,NY,10001,Supervisor,This Company,2500,,,,Unknown,B,Disqualified as a MG Prosp,2017-05-24,2100.0,,4375.0,2100.0,2000.0,4000.0,4000.0,,2018-01-10,Personal Correspondence,2.0,4.0,9.0,1,1.0,0.0,1,0.7,0.3,1,1.0,0.0,1,0.91,0.09,1,0.65,0.35
ID122,David,63.0,60-69,M,,Friend,Pioneer Pete,,Permanent,New York,NY,10001,Chief Operating Officer,This Company,2500,"$50,000 - $99,999",50000.0,99999.0,Unknown,B,Qualification,2011-10-17,250.0,,,,,,,2007-11-20,2010-12-08,Personal Correspondence,8.0,,4.0,0,0.0,1.0,0,0.3,0.7,0,0.0,1.0,0,0.19,0.81,0,0.2,0.8
ID123,Alex,68.0,60-69,M, '96,"Alumni, Degreed",Pioneer Pete,,Permanent,New York,NY,10001,Supervisor,This Company,2500,"$100,000 - $249,999",100000.0,249999.0,Unknown,B,Qualification,2008-12-15,500.0,,,,,,,2010-04-27,2009-03-27,Personal Correspondence,16.0,,7.0,0,0.0,1.0,0,0.2,0.8,0,0.0,1.0,0,0.18,0.82,0,0.21,0.79
ID124,Janis,63.0,60-69,M, '83,"Alumni, Degreed",Pioneer Pete,,Permanent,New York,NY,10001,Chief Operating Officer,This Company,2500,"$500,000 - $999,999",500000.0,999999.0,Moderate,B,Cultivation,2010-12-20,5000.0,,,,,,,2018-03-13,2016-12-06,Personal Correspondence,11.0,2.0,7.0,0,0.0,1.0,0,0.3,0.7,0,0.01,0.99,0,0.29,0.71,0,0.32,0.68
ID125,Neil ,39.0,30-39,M, '68,"Alumni, Degreed",Pioneer Pete,,Permanent,New York,NY,10001,Supervisor,Another Company,4000,"$50,000 - $99,999",50000.0,99999.0,Unknown,B,Qualification,2016-05-03,2500.0,,,2500.0,2500.0,,,2017-10-30,2017-11-21,Email Contact,5.0,1.0,2.0,0,0.0,1.0,0,0.2,0.8,0,0.0,1.0,1,0.73,0.27,0,0.4,0.6
ID126,Chuck,49.0,40-49,M, '92,"Alumni, Degreed",Pioneer Pete,,Permanent,New York,NY,10001,Supervisor,Another Company,2500,"$50,000 - $99,999",50000.0,99999.0,Unknown,C,Qualification,2010-09-02,200.0,,,,,,,2017-02-20,2015-03-17,Personal Correspondence,4.0,1.0,12.0,0,0.0,1.0,0,0.2,0.8,0,0.0,1.0,0,0.18,0.82,0,0.2,0.8
ID127,John ,71.0,70-79,M, '63,"Alumni, Degreed",Pioneer Pete,,Permanent,New York,NY,10002,Supervisor,A Nonprofit Organization,2500,"$50,000 - $99,999",50000.0,99999.0,Unknown,B,Stewardship,2016-02-29,2500.0,,,2500.0,2500.0,2500.0,,2012-04-16,2018-01-26,Email Contact,23.0,8.0,17.0,0,0.0,1.0,1,0.7,0.3,1,1.0,0.0,1,0.77,0.23,0,0.4,0.6
ID128,Sally,30.0,30-39,M, '64 P'97MAT P'97 P'01MBA,"Alumni, Degreed",Pioneer Pete,,Permanent,New York,NY,10002,Chief Operating Officer,This Company,2500,"$100,000 - $249,999",100000.0,249999.0,Unknown,B,Qualification,2015-10-19,250.0,,,250.0,,,250.0,2007-04-10,2015-01-22,Email Contact,12.0,,42.0,0,0.0,1.0,0,0.3,0.7,0,0.0,1.0,0,0.22,0.78,0,0.21,0.79
ID129,Marshall,47.0,40-49,F,,Friend,Pioneer Pete,,Permanent,New York,NY,10002,Supervisor,A Government Entity,2500,"$100,000 - $249,999",100000.0,249999.0,Unknown,C,Qualification,1990-12-14,100.0,,,,,,,2009-09-24,2014-03-14,Email Contact,4.0,1.0,3.0,0,0.0,1.0,0,0.1,0.9,0,0.0,1.0,0,0.17,0.83,0,0.2,0.8
ID130,Karen,0.0,0-29,M, '12MLS,"Alumni, Grad School",Pioneer Pete,,Permanent,New York,NY,10002,AVP,That Corporation,4000,"$50,000 - $99,999",50000.0,99999.0,Unknown,A,Solicitation,2018-01-18,1000.0,5700.0,3000.0,8000.0,10020.15,4000.0,4000.0,,2018-03-12,Face-to-Face Visit (Tandem),6.0,17.0,29.0,1,1.0,0.0,1,0.9,0.1,1,1.0,0.0,1,1.0,0.0,1,0.88,0.12
ID131,Kanye,64.0,60-69,F, '91,"Alumni, Degreed",Pioneer Pete,,Permanent,New York,NY,10002,Chief Operating Officer,Another Company,3000,"$50,000 - $99,999",50000.0,99999.0,Unknown,,Cultivation,2015-11-04,100.0,,,100.0,,,,2017-12-21,2016-11-08,Personal Correspondence,7.0,,3.0,0,0.0,1.0,0,0.4,0.6,0,0.11,0.89,0,0.21,0.79,0,0.2,0.8
ID132,Lenny,59.0,50-59,M, '89,"Alumni, Degreed",Pioneer Pete,,Work,New York,NY,10002,AVP,That Corporation,2500,"$50,000 - $99,999",50000.0,99999.0,Unknown,B,Qualification,2017-04-21,250.0,,250.0,,250.0,150.0,150.0,2017-05-30,2017-06-16,Personal Correspondence,10.0,2.0,13.0,1,1.0,0.0,0,0.2,0.8,1,0.93,0.07,0,0.22,0.78,0,0.22,0.78
ID133,Lee,47.0,40-49,M,,Friend,Pioneer Pete,,Permanent,New York,NY,10003,Supervisor,Another Company,2500,"$50,000 - $99,999",50000.0,99999.0,Moderate,B,Cultivation,2012-03-27,2000.0,,,,,,,2012-02-01,2016-12-13,Personal Correspondence,15.0,18.0,22.0,0,0.0,1.0,0,0.2,0.8,0,0.0,1.0,0,0.22,0.78,0,0.24,0.76
ID134,Pete ,55.0,50-59,F, '87,"Alumni, Degreed",Pioneer Pete,,Permanent,New York,NY,10003,VP CEO,This Company,2500,"$50,000 - $99,999",50000.0,99999.0,Unknown,B,Qualification,2017-05-15,50.0,,50.0,75.0,25.0,50.0,25.0,2013-05-29,2017-06-16,Personal Correspondence,9.0,,23.0,1,1.0,0.0,0,0.5,0.5,1,1.0,0.0,0,0.22,0.78,0,0.21,0.79
ID135,Robert ,73.0,70-79,F, '82 P'15,"Alumni, Degreed",Pioneer Pete,,Permanent,New York,NY,10003,Supervisor,A Nonprofit Organization,2500,"$100,000 - $249,999",100000.0,249999.0,Low,B,Cultivation,2017-12-27,200.0,200.0,200.0,200.0,200.0,,,2014-06-16,2018-01-11,Face-to-Face Visit,10.0,4.0,18.0,1,1.0,0.0,1,1.0,0.0,1,1.0,0.0,0,0.25,0.75,0,0.23,0.77
ID136,Vicky,55.0,50-59,M, '90,"Alumni, Degreed",Pioneer Pete,,Permanent,New York,NY,10003,VP CEO,Another Company,2500,"$100,000 - $249,999",100000.0,249999.0,Unknown,C,Qualification,2013-03-11,100.0,,,,,,100.0,,2018-03-22,Email Contact,5.0,,1.0,0,0.0,1.0,0,0.3,0.7,0,0.0,1.0,0,0.17,0.83,0,0.2,0.8
ID137,Michael,56.0,50-59,M, '68,"Alumni, Non-Degreed",Pioneer Pete,,Permanent,Orlando,FL,32804,Account Executive,This Company,4000,"$50,000 - $99,999",50000.0,99999.0,Unknown,A,Not a MG Prospect Now,2017-12-26,300.0,300.0,200.0,550.0,940.0,800.0,580.0,2012-05-16,2017-10-25,Phone Call,9.0,,70.0,1,1.0,0.0,1,1.0,0.0,1,1.0,0.0,0,0.34,0.66,0,0.25,0.75
ID138,Catherine,57.0,50-59,F, '68,"Alumni, Degreed",Pioneer Pete,,Permanent,Orlando,FL,32836,AVP,Another Company,2500,"$100,000 - $249,999",100000.0,249999.0,,,Cultivation,,,,,,,,,,2017-03-01,Email Contact,3.0,1.0,,0,0.0,1.0,0,0.0,1.0,0,0.0,1.0,0,0.17,0.83,0,0.2,0.8
ID139,Elaine,46.0,40-49,M, '64,"Alumni, Degreed",Pioneer Pete,,Permanent,Orlando,FL,32836,Supervisor,Yet Another Corporation,2500,"$50,000 - $99,999",50000.0,99999.0,Unknown,B,Qualification,2017-08-18,50.0,50.0,50.0,50.0,100.0,100.0,100.0,,2017-06-16,Personal Correspondence,2.0,,32.0,1,1.0,0.0,1,1.0,0.0,1,1.0,0.0,0,0.22,0.78,0,0.21,0.79
ID140,Tom ,47.0,40-49,F, '00 '08MA,"Alumni, Degreed",Pioneer Pete,,Permanent,Orlando,FL,32812,Supervisor,A Nonprofit Organization,4000,"$50,000 - $99,999",50000.0,99999.0,Moderate,B,Qualification,2017-12-15,2000.0,2000.0,2500.0,1000.0,2000.0,1885.0,1885.0,2008-03-06,2018-01-10,Personal Correspondence,11.0,4.0,21.0,1,1.0,0.0,1,1.0,0.0,1,1.0,0.0,1,0.74,0.26,1,0.53,0.47
ID141,Jimi ,76.0,70-79,M, '76,"Alumni, Degreed",Pioneer Pete,,Permanent,Orlando,FL,32827,VP CEO,Another Company,2500,"$100,000 - $249,999",100000.0,249999.0,Unknown,C,Qualification,2013-03-11,100.0,,,,,,100.0,,2018-03-22,Email Contact,5.0,,1.0,0,0.0,1.0,0,0.2,0.8,0,0.0,1.0,0,0.18,0.82,0,0.2,0.8
ID142,Buddy,43.0,40-49,F, '92MLS,"Alumni, Grad School",Pioneer Pete,,Permanent,Orlando,FL,32806,Supervisor,A Nonprofit Organization,2500,"$50,000 - $99,999",50000.0,99999.0,Unknown,B,Stewardship,2016-02-29,2500.0,,,2500.0,2500.0,2500.0,,2012-04-16,2018-01-26,Email Contact,23.0,8.0,17.0,0,0.0,1.0,1,0.7,0.3,1,1.0,0.0,1,0.78,0.22,0,0.4,0.6
ID143,Duncan ,57.0,50-59,F, '75,"Alumni, Degreed",Pioneer Pete,,Permanent,Orlando,FL,32832,AVP,Another Company,2500,"$250,000 - $499,999",250000.0,499999.0,Unknown,,Solicitation,2017-10-06,5700.0,7800.0,6360.0,4100.0,2250.0,6660.0,5760.0,2017-11-10,2018-03-08,Face-to-Face Visit,2.0,7.0,33.0,1,1.0,0.0,1,0.8,0.2,1,1.0,0.0,1,1.0,0.0,1,0.91,0.09
ID144,John ,71.0,70-79,M, '95,"Alumni, Degreed",Pioneer Pete,,Permanent,Orlando,FL,32836,Supervisor,Yet Another Corporation,4000,"$100,000 - $249,999",100000.0,249999.0,Unknown,B,Qualification,2016-11-16,1000.0,,1000.0,,,,,2014-03-24,2017-06-16,Personal Correspondence,4.0,,3.0,1,1.0,0.0,0,0.3,0.7,0,0.01,0.99,0,0.26,0.74,0,0.27,0.73
ID145,George ,47.0,40-49,F, '68,"Alumni, Degreed",Pioneer Pete,,Permanent,Orlando,FL,32819,Supervisor,A Government Entity,2500,"$250,000 - $499,999",250000.0,499999.0,Unknown,,Qualification,2010-04-19,2000.0,,,,,,,,2018-02-04,Email Contact,2.0,10.0,7.0,0,0.0,1.0,0,0.3,0.7,0,0.0,1.0,0,0.19,0.81,0,0.24,0.76
ID146,Mary,76.0,70-79,F, '95 '03MLS,"Alumni, Degreed",Pioneer Pete,,Permanent,Orlando,FL,32835,VP CEO,Another Company,2500,"$50,000 - $99,999",50000.0,99999.0,Unknown,B,Qualification,2017-11-20,500.0,500.0,13792.0,130.0,100.0,100.0,100.0,,2018-01-10,Personal Correspondence,7.0,,38.0,1,1.0,0.0,1,1.0,0.0,1,1.0,0.0,1,0.98,0.02,1,0.76,0.24
ID147,Tom ,75.0,70-79,M, '70,"Alumni, Degreed",Pioneer Pete,,Permanent,Orlando,FL,32827,VP CEO,Another Company,2500,"$50,000 - $99,999",50000.0,99999.0,Low,C,Qualification,,,,,,,,,2017-12-13,2013-04-05,Personal Correspondence,2.0,,5.0,0,0.0,1.0,0,0.1,0.9,0,0.0,1.0,0,0.19,0.81,0,0.2,0.8
ID148,David,33.0,30-39,M, '74 '75MBA P'11 P'12MBA,"Alumni, Degreed",Pioneer Pete,,Permanent,Orlando,FL,32836,Chief Operating Officer,A Government Entity,2500,"$100,000 - $249,999",100000.0,249999.0,Unknown,D,Qualification,,,,,,,,,,2016-06-21,Personal Correspondence,7.0,,,0,0.0,1.0,0,0.1,0.9,0,0.0,1.0,0,0.19,0.81,0,0.2,0.8
ID149,Julie,50.0,50-59,M, '70,"Alumni, Degreed",Pioneer Pete,,Permanent,Orlando,FL,32814,Supervisor,A Nonprofit Organization,2500,"$100,000 - $249,999",100000.0,249999.0,Low,B,Cultivation,2017-12-27,200.0,200.0,200.0,200.0,200.0,,,2014-06-16,2018-01-11,Face-to-Face Visit,10.0,4.0,18.0,1,1.0,0.0,1,0.9,0.1,1,1.0,0.0,0,0.26,0.74,0,0.23,0.77
ID150,Neil ,48.0,40-49,M, '93,"Alumni, Degreed",Pioneer Pete,,Permanent,Orlando,FL,32827,Supervisor,Yet Another Corporation,3000,"$250,000 - $499,999",250000.0,499999.0,Unknown,B,Qualification,2015-11-04,100.0,,,100.0,1000.0,1000.0,300.0,2017-12-13,2013-10-03,Personal Correspondence,7.0,,24.0,0,0.0,1.0,0,0.5,0.5,0,0.08,0.92,0,0.18,0.82,0,0.21,0.79
ID151,Eddie ,51.0,50-59,M,,Friend,Pioneer Pete,,Permanent,Orlando,FL,32832,VP CEO,That Corporation,2500,"$50,000 - $99,999",50000.0,99999.0,Unknown,C,Qualification,1998-12-30,25.0,,,,,,,2017-12-13,,,3.0,,4.0,0,0.0,1.0,0,0.1,0.9,0,0.0,1.0,0,0.18,0.82,0,0.2,0.8
ID152,Miles,0.0,0-29,M,,"Trustee, Former",Pioneer Pete,,Permanent,Orlando,FL,32832,AVP,A Government Entity,4000,"$50,000 - $99,999",50000.0,99999.0,Moderate,A,Qualification,2018-01-02,2500.0,2850.0,2800.0,2500.0,2500.0,2500.0,2500.0,2004-01-08,2018-01-10,Face-to-Face Visit; Personal Correspondence,13.0,6.0,24.0,1,1.0,0.0,1,0.9,0.1,1,1.0,0.0,1,0.94,0.06,1,0.67,0.33
ID153,Jaco ,52.0,50-59,M, '67,"Alumni, Degreed",Pioneer Pete,,Permanent,Orlando,FL,32804,VP CEO,This Company,2500,"$50,000 - $99,999",50000.0,99999.0,Unknown,B,Qualification,2018-01-02,500.0,500.0,500.0,,,,500.0,2011-05-19,2018-01-26,Email Contact,8.0,5.0,18.0,1,1.0,0.0,0,0.2,0.8,0,0.17,0.83,0,0.24,0.76,0,0.25,0.75
ID154,James,58.0,50-59,F, '82,"Alumni, Degreed",Pioneer Pete,,Permanent,Orlando,FL,32827,AVP,A Nonprofit Organization,6000,,,,Unknown,B,Disqualified as a MG Prosp,2015-12-22,5000.0,,,7100.0,,,,,2018-01-10,Personal Correspondence,6.0,2.0,3.0,0,0.0,1.0,0,0.3,0.7,1,1.0,0.0,1,1.0,0.0,1,0.68,0.32
ID155,Charlene,50.0,50-59,M, '81,"Alumni, Non-Degreed",Pioneer Pete,,Permanent,Orlando,FL,32819,Supervisor,Yet Another Corporation,2500,"$50,000 - $99,999",50000.0,99999.0,Unknown,,Qualification,2003-11-20,2000.0,,,,,,,,2014-02-17,Phone Call,3.0,,3.0,0,0.0,1.0,0,0.4,0.6,0,0.0,1.0,0,0.22,0.78,0,0.24,0.76
ID156,John ,48.0,40-49,F, '70,"Alumni, Degreed",Pioneer Pete,,Permanent,Orlando,FL,32836,Supervisor,This Company,3000,"$100,000 - $249,999",100000.0,249999.0,Unknown,B,Qualification,2015-05-20,1000.0,,,,1000.0,1000.0,,2013-05-28,2015-05-13,Email Contact,1.0,,9.0,0,0.0,1.0,0,0.1,0.9,0,0.0,1.0,0,0.18,0.82,0,0.23,0.77
ID157,Bibi,71.0,70-79,M, '89,"Alumni, Degreed",Pioneer Pete,,Permanent,Orlando,FL,32820,Supervisor,A Nonprofit Organization,2500,"$250,000 - $499,999",250000.0,499999.0,Unknown,B,Qualification,2016-05-27,1881.0,,,1881.0,,1910.0,100.0,2018-02-28,2018-02-01,Phone Call,23.0,7.0,19.0,0,0.0,1.0,0,0.4,0.6,0,0.0,1.0,1,0.62,0.38,0,0.32,0.68
ID158,Janet,76.0,70-79,M, '80,"Alumni, Degreed",Pioneer Pete,,Permanent,Orlando,FL,32827,VP CEO,Yet Another Corporation,2500,"$50,000 - $99,999",50000.0,99999.0,Low,B,Qualification,2017-08-22,75.0,75.0,,100.0,,100.0,,,2017-12-14,Email Contact,8.0,4.0,24.0,0,0.0,1.0,1,0.6,0.4,1,0.97,0.03,0,0.22,0.78,0,0.21,0.79
ID159,Leslie,40.0,40-49,F, '68,"Alumni, Non-Degreed",Pioneer Pete,,Permanent,Orlando,FL,32819,Supervisor,This Company,2500,"$100,000 - $249,999",100000.0,249999.0,High,,Cultivation,,,,,,,,,,2017-06-21,Personal Correspondence,,,1.0,0,0.0,1.0,0,0.1,0.9,0,0.0,1.0,0,0.17,0.83,0,0.2,0.8
ID160,Steve ,63.0,60-69,M, '93,"Alumni, Degreed",Pioneer Pete,,Permanent,Orlando,FL,32819,Chief Operating Officer,Another Company,2500,"$100,000 - $249,999",100000.0,249999.0,Unknown,B,Cultivation,2017-09-25,15000.0,65000.0,100000.0,50000.0,50000.0,50000.0,20000.0,,2018-01-10,Personal Correspondence,3.0,1.0,13.0,1,1.0,0.0,1,1.0,0.0,1,1.0,0.0,1,1.0,0.0,1,1.0,0.0
ID161,Angus,70.0,70-79,M, '99MLS,"Alumni, Grad School",Pioneer Pete,,Permanent,Orlando,FL,32827,Supervisor,A Government Entity,3000,"$50,000 - $99,999",50000.0,99999.0,Unknown,B,Cultivation,2012-10-29,100.0,,,,,,100.0,2012-07-05,2016-12-06,Personal Correspondence,10.0,,5.0,0,0.0,1.0,0,0.3,0.7,0,0.0,1.0,0,0.19,0.81,0,0.2,0.8
ID162,Ty,64.0,60-69,F, '68,"Alumni, Degreed",Pioneer Pete,,Permanent,Orlando,FL,32806,Chief Operating Officer,That Corporation,3000,"$50,000 - $99,999",50000.0,99999.0,Unknown,B,Qualification,2013-10-15,500.0,,,,,500.0,,2017-12-13,2015-05-26,Email Contact,3.0,2.0,2.0,0,0.0,1.0,0,0.2,0.8,0,0.0,1.0,0,0.19,0.81,0,0.21,0.79
ID163,Nancy,45.0,40-49,M,,Friend,Pioneer Pete,,Work,Orlando,FL,32819,Supervisor,Yet Another Corporation,3000,"$100,000 - $249,999",100000.0,249999.0,Unknown,B,Qualification,2016-11-16,1000.0,,1000.0,,,,,2014-03-24,2017-06-16,Personal Correspondence,4.0,,3.0,1,1.0,0.0,0,0.4,0.6,0,0.0,1.0,0,0.25,0.75,0,0.27,0.73
ID164,Alex,71.0,70-79,F, '92,"Alumni, Degreed",Pioneer Pete,,Permanent,Orlando,FL,32836,Supervisor,Yet Another Corporation,2500,"$50,000 - $99,999",50000.0,99999.0,Unknown,B,Qualification,2017-08-18,50.0,50.0,50.0,50.0,100.0,100.0,100.0,,2017-06-16,Personal Correspondence,2.0,,32.0,1,1.0,0.0,1,1.0,0.0,1,1.0,0.0,0,0.23,0.77,0,0.21,0.79
ID165,Penny,51.0,50-59,F, '08MA,"Alumni, Grad School",Pioneer Pete,,Permanent,Orlando,FL,32832,VP CEO,Yet Another Corporation,2500,"$50,000 - $99,999",50000.0,99999.0,High,B,Cultivation,2017-03-08,250.0,,250.0,,,,,2017-11-15,2017-06-16,Personal Correspondence,14.0,8.0,20.0,1,1.0,0.0,0,0.3,0.7,0,0.12,0.88,0,0.21,0.79,0,0.22,0.78
ID166,Miles,71.0,70-79,M, '90,"Alumni, Degreed",Pioneer Pete,,Permanent,Orlando,FL,32827,Supervisor,Another Company,6000,"$50,000 - $99,999",50000.0,99999.0,Unknown,C,Qualification,2004-12-15,500.0,,,,,,,2017-12-13,2004-12-16,Personal Correspondence,12.0,1.0,12.0,0,0.0,1.0,0,0.2,0.8,0,0.0,1.0,0,0.19,0.81,0,0.21,0.79
ID167,Sara,67.0,60-69,M, '78,"Alumni, Degreed",Pioneer Pete,,Permanent,Orlando,FL,32836,Supervisor,That Corporation,2500,"$1,000,000 - $4,999,999",1000000.0,4999999.0,High,B,Cultivation,2018-01-16,2000.0,12000.0,13000.0,6500.0,4000.0,13500.0,24000.0,2012-01-17,2018-02-09,Phone Call,27.0,5.0,88.0,1,1.0,0.0,1,0.9,0.1,1,1.0,0.0,1,1.0,0.0,1,0.97,0.03
ID168,B.B.,69.0,60-69,M, '78,"Alumni, Degreed",Pioneer Pete,,Permanent,Papillion,NE,68046,Supervisor,Another Company,3000,"$50,000 - $99,999",50000.0,99999.0,Unknown,B,Qualification,2016-05-03,2500.0,,,2500.0,2500.0,,,2017-10-30,2017-11-21,Email Contact,5.0,1.0,2.0,0,0.0,1.0,0,0.4,0.6,0,0.0,1.0,1,0.74,0.26,0,0.4,0.6
ID169,Vanessa,47.0,40-49,M, '88,"Alumni, Degreed",Pioneer Pete,,Permanent,Spicewood,TX,78669,Supervisor,A Government Entity,2500,"$5,000,000 - $9,999,999",5000000.0,9999999.0,Unknown,,Qualification,2000-02-10,1000.0,,,,,,,,2001-02-15,Personal Correspondence,,,3.0,0,0.0,1.0,0,0.2,0.8,0,0.0,1.0,0,0.2,0.8,0,0.22,0.78
ID170,Cat,0.0,0-29,M, '81,"Alumni, Degreed",Pioneer Pete,,Permanent,Tampa,FL,33610,AVP,A Nonprofit Organization,2500,"$50,000 - $99,999",50000.0,99999.0,Low,B,Qualification,2009-10-02,125.0,,,,,,,2017-12-13,2013-10-03,Email Contact,9.0,,16.0,0,0.0,1.0,0,0.2,0.8,0,0.0,1.0,0,0.2,0.8,0,0.2,0.8
ID171,Amanda,65.0,60-69,M, '85,"Alumni, Degreed",Pioneer Pete,,Permanent,San Francisco,CA,94101,Chief Operating Officer,That Corporation,2500,"$50,000 - $99,999",50000.0,99999.0,Unknown,B,Qualification,2017-12-23,100.0,100.0,75.0,75.0,75.0,,75.0,2007-11-20,2017-06-16,Personal Correspondence,9.0,,27.0,1,1.0,0.0,1,1.0,0.0,1,1.0,0.0,0,0.23,0.77,0,0.21,0.79
ID172,Dana,74.0,70-79,F, '80,"Alumni, Degreed",Pioneer Pete,,Permanent,San Francisco,CA,94102,VP CEO,Another Company,4000,"$100,000 - $249,999",100000.0,249999.0,Unknown,B,Qualification,2016-10-03,500.0,,500.0,50.0,,,100.0,2014-02-20,2017-12-14,Event,9.0,2.0,17.0,1,1.0,0.0,0,0.5,0.5,0,0.02,0.98,0,0.22,0.78,0,0.24,0.76
ID173,Nancy,57.0,50-59,M,,Friend,Pioneer Pete,,Permanent,San Francisco,CA,94103,AVP,This Company,2500,,,,Unknown,,Disqualified as a MG Prosp,2017-10-06,500.0,2600.0,,,,,,,2018-01-10,Personal Correspondence,1.0,8.0,5.0,0,0.0,1.0,0,0.3,0.7,1,0.69,0.31,0,0.28,0.72,0,0.28,0.72
ID174,Cat,58.0,50-59,M, '68 '69MBA,"Alumni, Degreed",Pioneer Pete,,Permanent,San Francisco,CA,94103,AVP,That Corporation,2500,"$50,000 - $99,999",50000.0,99999.0,Unknown,A,Solicitation,2018-01-18,1000.0,5700.0,3000.0,8000.0,10020.15,4000.0,4000.0,,2018-03-12,Face-to-Face Visit (Tandem),6.0,17.0,29.0,1,1.0,0.0,1,0.9,0.1,1,1.0,0.0,1,1.0,0.0,1,0.88,0.12
ID175,Alberta,70.0,70-79,F, '98,"Alumni, Degreed",Pioneer Pete,,Permanent,San Francisco,CA,94103,Supervisor,A Nonprofit Organization,2500,"$250,000 - $499,999",250000.0,499999.0,Unknown,B,Qualification,2013-10-21,50.0,,,,,50.0,,,2017-03-02,Personal Correspondence,11.0,,18.0,0,0.0,1.0,0,0.3,0.7,0,0.0,1.0,0,0.18,0.82,0,0.2,0.8
ID176,Bobby,51.0,50-59,M, '80,"Alumni, Degreed",Pioneer Pete,,Permanent,Winter Park,FL,32789,VP CEO,That Corporation,2500,"$100,000 - $249,999",100000.0,249999.0,Unknown,B,Qualification,,,,,,,,,2017-11-02,2017-11-02,Attempted Contact; Email Contact,8.0,,,0,0.0,1.0,0,0.0,1.0,0,0.0,1.0,0,0.17,0.83,0,0.2,0.8
ID177,Patricia,59.0,50-59,M, '01MBA '13MLS P'13,"Alumni, Business School",Pioneer Pete,,Permanent,Winter Park,FL,32789,AVP,This Company,8500,"$50,000 - $99,999",50000.0,99999.0,Moderate,A,Cultivation,2017-01-09,4000.0,,4000.0,4000.0,4075.0,7550.0,7400.0,2017-11-29,2018-01-10,Personal Correspondence,5.0,19.0,21.0,1,1.0,0.0,1,0.8,0.2,1,1.0,0.0,1,0.99,0.01,1,0.78,0.22
ID178,Kelly,72.0,70-79,M, '80 P'15,"Alumni, Degreed",Pioneer Pete,,Work,Winter Park,FL,32790,Supervisor,Yet Another Corporation,2500,"$250,000 - $499,999",250000.0,499999.0,Unknown,B,Qualification,2015-11-04,100.0,,,100.0,1000.0,1000.0,300.0,2017-12-13,2013-10-03,Personal Correspondence,7.0,,24.0,0,0.0,1.0,0,0.3,0.7,0,0.09,0.91,0,0.19,0.81,0,0.21,0.79
ID179,Fiona ,46.0,40-49,M, '73,"Alumni, Degreed",Pioneer Pete,,Permanent,Winter Park,FL,32789,Supervisor,Another Company,2500,"$50,000 - $99,999",50000.0,99999.0,Unknown,C,Qualification,2004-12-15,500.0,,,,,,,2017-12-13,2004-12-16,Personal Correspondence,12.0,1.0,12.0,0,0.0,1.0,0,0.2,0.8,0,0.0,1.0,0,0.19,0.81,0,0.21,0.79
ID180,Joy,81.0,80-89,M, '56,"Alumni, Degreed",Pioneer Pete,,Permanent,Winter Park,FL,32789,VP CEO,That Corporation,2500,"$1,000,000 - $4,999,999",1000000.0,4999999.0,Unknown,C,Qualification,2014-04-29,100.0,,,,,100.0,,2015-12-04,2008-12-03,Phone Call,12.0,,7.0,0,0.0,1.0,0,0.2,0.8,0,0.0,1.0,0,0.18,0.82,0,0.2,0.8
ID181,Kurt ,70.0,70-79,F, '86,"Alumni, Degreed",Pioneer Pete,,Work,Winter Park,FL,32789,Supervisor,This Company,2500,"$100,000 - $249,999",100000.0,249999.0,High,,Cultivation,,,,,,,,,,2017-06-21,Personal Correspondence,,,1.0,0,0.0,1.0,0,0.0,1.0,0,0.0,1.0,0,0.18,0.82,0,0.2,0.8
ID182,Jennie,0.0,0-29,M, '90,"Alumni, Degreed",Pioneer Pete,,Permanent,Winter Park,FL,32789,AVP,That Corporation,2500,"$50,000 - $99,999",50000.0,99999.0,Unknown,C,Qualification,2017-12-19,2500.0,2500.0,,,,4000.0,4000.0,,2017-12-18,Email Contact,1.0,4.0,5.0,0,0.0,1.0,0,0.1,0.9,0,0.0,1.0,0,0.31,0.69,0,0.33,0.67
ID183,Georrgia,47.0,40-49,F, '80,"Alumni, Degreed",Pioneer Pete,,Permanent,Winter Park,FL,32789,Supervisor,This Company,6000,,,,Unknown,B,Disqualified as a MG Prosp,2017-05-24,2100.0,,4375.0,2100.0,2000.0,4000.0,4000.0,,2018-01-10,Personal Correspondence,2.0,4.0,9.0,1,1.0,0.0,1,0.7,0.3,1,1.0,0.0,1,0.91,0.09,1,0.65,0.35
ID184,Geddy,66.0,60-69,F, '82,"Alumni, Degreed",Pioneer Pete,,Permanent,Winter Park,FL,32789,Senior Director,That Corporation,2500,"$50,000 - $99,999",50000.0,99999.0,Low,B,Qualification,2014-03-10,100.0,,,,,100.0,,2013-10-16,2017-03-01,Personal Correspondence,5.0,,3.0,0,0.0,1.0,0,0.2,0.8,0,0.0,1.0,0,0.19,0.81,0,0.2,0.8
ID185,Dave,50.0,50-59,F, '66,"Alumni, Degreed",Pioneer Pete,,Permanent,Winter Park,FL,32789,Supervisor,This Company,2500,"$500,000 - $999,999",500000.0,999999.0,Unknown,D,Qualification,2004-03-31,100.0,,,,,,,2009-02-18,2016-11-30,Personal Correspondence,4.0,,1.0,0,0.0,1.0,0,0.2,0.8,0,0.0,1.0,0,0.19,0.81,0,0.2,0.8
ID186,Buddy,0.0,0-29,M, '92,"Alumni, Degreed",Pioneer Pete,,Permanent,Winter Park,FL,32789,AVP,That Corporation,2500,"$50,000 - $99,999",50000.0,99999.0,Unknown,B,Qualification,2017-04-21,250.0,,250.0,,250.0,150.0,150.0,2017-05-30,2017-06-16,Personal Correspondence,10.0,2.0,13.0,1,1.0,0.0,0,0.3,0.7,1,0.99,0.01,0,0.22,0.78,0,0.22,0.78
ID187,Cat,62.0,60-69,M, '81,"Alumni, Degreed",Pioneer Pete,,Permanent,Winter Park,FL,32789,Chief Operating Officer,A Nonprofit Organization,2500,,,,Unknown,,Qualification,2017-12-13,2100.0,2100.0,,1544.0,,3500.0,,,2018-01-10,Personal Correspondence,,6.0,6.0,0,0.0,1.0,1,0.6,0.4,1,0.99,0.01,1,0.68,0.32,0,0.38,0.62
ID188,Eddie ,52.0,50-59,M,,Friend,Pioneer Pete,,Work,Winter Park,FL,32789,VP CEO,Another Company,2500,"$50,000 - $99,999",50000.0,99999.0,Low,C,Qualification,,,,,,,,,2017-12-13,2013-04-05,Personal Correspondence,2.0,,5.0,0,0.0,1.0,0,0.0,1.0,0,0.0,1.0,0,0.18,0.82,0,0.2,0.8
ID189,Jaco ,58.0,50-59,F, '85,"Alumni, Degreed",Pioneer Pete,,Permanent,Winter Park,FL,32789,AVP,A Government Entity,2500,"$50,000 - $99,999",50000.0,99999.0,Moderate,A,Qualification,2018-01-02,2500.0,2850.0,2800.0,2500.0,2500.0,2500.0,2500.0,2004-01-08,2018-01-10,Face-to-Face Visit; Personal Correspondence,13.0,6.0,24.0,1,1.0,0.0,1,1.0,0.0,1,1.0,0.0,1,0.94,0.06,1,0.67,0.33
ID190,James,54.0,50-59,M,,Friend,Pioneer Pete,,Permanent,Winter Park,FL,32789,VP CEO,A Nonprofit Organization,2500,"$100,000 - $249,999",100000.0,249999.0,Unknown,C,Qualification,2008-02-21,250.0,,,,,,,2017-12-13,2013-02-25,Personal Correspondence,8.0,,13.0,0,0.0,1.0,0,0.0,1.0,0,0.0,1.0,0,0.18,0.82,0,0.2,0.8
ID191,George,59.0,50-59,F, '75,"Alumni, Degreed",Pioneer Pete,,Permanent,Winter Park,FL,32789,AVP,Yet Another Corporation,2500,"$100,000 - $249,999",100000.0,249999.0,Unknown,C,Qualification,,,,,,,,,2018-03-12,2009-09-21,Phone Call,10.0,1.0,,0,0.0,1.0,0,0.1,0.9,0,0.0,1.0,0,0.17,0.83,0,0.2,0.8
ID192,John ,67.0,60-69,M, '66,"Alumni, Degreed",Pioneer Pete,,Permanent,Winter Park,FL,32789,Supervisor,A Nonprofit Organization,2500,"$50,000 - $99,999",50000.0,99999.0,Unknown,B,Qualification,2017-10-11,1.0,,,,,,,,2017-11-14,Personal Correspondence,3.0,3.0,,0,0.0,1.0,0,0.1,0.9,0,0.01,0.99,0,0.2,0.8,0,0.2,0.8
ID193,Rachel,71.0,70-79,F, '80,"Alumni, Degreed",Pioneer Pete,,Permanent,Winter Park,FL,32789,Supervisor,A Government Entity,3000,"$100,000 - $249,999",100000.0,249999.0,Unknown,C,Qualification,1990-12-14,100.0,,,,,,,2009-09-24,2014-03-14,Email Contact,4.0,1.0,3.0,0,0.0,1.0,0,0.3,0.7,0,0.0,1.0,0,0.17,0.83,0,0.2,0.8
ID194,Dave,45.0,40-49,M, '69,"Alumni, Degreed",Pioneer Pete,,Permanent,Winter Park,FL,32789,Supervisor,A Nonprofit Organization,3000,"$250,000 - $499,999",250000.0,499999.0,Unknown,B,Qualification,2016-05-27,1881.0,,,1881.0,,1910.0,100.0,2018-02-28,2018-02-01,Phone Call,23.0,7.0,19.0,0,0.0,1.0,0,0.4,0.6,0,0.0,1.0,1,0.62,0.38,0,0.32,0.68
ID195,Wendy,60.0,60-69,F, '74,"Alumni, Degreed",Pioneer Pete,,Permanent,Winter Park,FL,32789,Chief Operating Officer,Yet Another Corporation,2500,,,,Unknown,C,Qualification,2017-03-24,2000.0,,2000.0,,,,,2014-03-31,2017-06-16,Personal Correspondence,2.0,,5.0,1,1.0,0.0,0,0.3,0.7,0,0.0,1.0,0,0.39,0.61,0,0.36,0.64
ID196,Steve ,64.0,60-69,F, '72 P'02MBA,"Alumni, Degreed",Pioneer Pete,,Permanent,Winter Park,FL,32789,Chief Operating Officer,Yet Another Corporation,2500,"$50,000 - $99,999",50000.0,99999.0,Low,B,Qualification,2016-11-14,500.0,,500.0,100.0,,,,2017-11-15,2017-10-30,Email Contact,7.0,3.0,19.0,1,1.0,0.0,0,0.5,0.5,1,0.55,0.45,0,0.25,0.75,0,0.24,0.76
ID197,Brian,59.0,50-59,F, '84,"Alumni, Degreed",Pioneer Pete,,Permanent,Winter Park,FL,32789,AVP,A Government Entity,4000,"$100,000 - $249,999",100000.0,249999.0,Unknown,B,Qualification,2017-12-26,200.0,200.0,200.0,200.0,200.0,,,2012-04-09,2017-06-16,Personal Correspondence,6.0,2.0,25.0,1,1.0,0.0,1,1.0,0.0,1,1.0,0.0,0,0.25,0.75,0,0.23,0.77
ID198,Katherine,0.0,0-29,F, '11MLS P'11,"Alumni, Grad School",Pioneer Pete,,Permanent,Winter Park,FL,32789,AVP,This Company,6000,"$50,000 - $99,999",50000.0,99999.0,Moderate,A,Cultivation,2017-01-09,4000.0,,4000.0,4000.0,4075.0,7550.0,7400.0,2017-11-29,2018-01-10,Personal Correspondence,5.0,19.0,21.0,1,1.0,0.0,1,0.8,0.2,1,1.0,0.0,1,0.99,0.01,1,0.78,0.22
ID199,Nell,85.0,80-89,F, '67MAT,"Alumni, Grad School",Pioneer Pete,,Permanent,Winter Park,FL,32789,VP CEO,Yet Another Corporation,2500,"$50,000 - $99,999",50000.0,99999.0,Moderate,A,Stewardship,2017-12-21,10000.0,10000.0,25000.0,2500.0,22000.0,15000.0,36000.0,2014-06-16,2018-01-10,Personal Correspondence,9.0,4.0,36.0,1,1.0,0.0,1,1.0,0.0,1,1.0,0.0,1,1.0,0.0,1,1.0,0.0
ID200,Eddie ,52.0,50-59,F,,Friend,Bernie the St. Bernard,,Work,Winter Park,FL,32789,VP CEO,A Government Entity,2500,"$250,000 - $499,999",250000.0,499999.0,Low,C,Qualification,1997-08-06,50.0,,,,,,,2014-02-26,2013-11-22,Personal Correspondence,3.0,2.0,2.0,0,0.0,1.0,0,0.1,0.9,0,0.0,1.0,0,0.17,0.83,0,0.2,0.8
ID201,Tom ,50.0,50-59,M, P'21,"Parent, Current",Bernie the St. Bernard,,Permanent,Altamonte Springs,FL,32714,Supervisor,A Government Entity,2500,"$50,000 - $99,999",50000.0,99999.0,Low,A,Cultivation,2017-05-15,100.0,,100.0,100.0,100.0,200.0,100.0,2015-01-05,2017-06-16,Personal Correspondence,15.0,4.0,37.0,1,1.0,0.0,0,0.5,0.5,1,1.0,0.0,0,0.23,0.77,0,0.21,0.79
ID202,Cat,59.0,50-59,M,,Friend,Bernie the St. Bernard,,Permanent,Andover,MA,1810,AVP,A Government Entity,4000,"$50,000 - $99,999",50000.0,99999.0,Unknown,C,Qualification,2000-05-17,1000.0,,,,,,,2013-09-25,2017-03-02,Personal Correspondence,7.0,4.0,1.0,0,0.0,1.0,0,0.1,0.9,0,0.0,1.0,0,0.2,0.8,0,0.22,0.78
ID203,Kurt ,73.0,70-79,M, '78,"Alumni, Degreed",Bernie the St. Bernard,,Permanent,Apopka,FL,32703,Supervisor,Yet Another Corporation,2500,"$50,000 - $99,999",50000.0,99999.0,Unknown,,Qualification,2003-11-20,2000.0,,,,,,,,2014-02-17,Phone Call,3.0,,3.0,0,0.0,1.0,0,0.2,0.8,0,0.0,1.0,0,0.21,0.79,0,0.24,0.76
ID204,Alberta,73.0,70-79,F, '71,"Alumni, Degreed",Bernie the St. Bernard,,Permanent,Clarendon Hills,IL,60514,Supervisor,This Company,2500,"$500,000 - $999,999",500000.0,999999.0,Unknown,D,Qualification,2004-03-31,100.0,,,,,,,2009-02-18,2016-11-30,Personal Correspondence,4.0,,1.0,0,0.0,1.0,0,0.1,0.9,0,0.0,1.0,0,0.18,0.82,0,0.2,0.8
ID205,Chris ,51.0,50-59,M, '73,"Alumni, Degreed",Bernie the St. Bernard,,Permanent,Golden Oak,FL,32836,VP CEO,This Company,2500,"$100,000 - $249,999",100000.0,249999.0,Unknown,B,Cultivation,2015-11-04,200.0,,,200.0,210.0,,200.0,2003-10-17,2018-01-09,Face-to-Face Visit,15.0,7.0,26.0,0,0.0,1.0,0,0.3,0.7,0,0.0,1.0,0,0.2,0.8,0,0.21,0.79
ID206,Danielle,59.0,50-59,M, '01,"Alumni, Degreed",Bernie the St. Bernard,,Permanent,Golden Oak,FL,32836,AVP,Yet Another Corporation,2500,"$100,000 - $249,999",100000.0,249999.0,Low,B,Qualification,2018-02-06,100.0,100.0,,,,314.16,1884.96,2012-11-06,2018-03-23,Face-to-Face Visit,10.0,10.0,52.0,0,0.0,1.0,0,0.2,0.8,0,0.0,1.0,0,0.18,0.82,0,0.2,0.8
ID207,Lisa,0.0,0-29,F, '90,"Alumni, Degreed",Bernie the St. Bernard,,Permanent,Guilford,CT,6437,AVP,Yet Another Corporation,2500,"$100,000 - $249,999",100000.0,249999.0,Unknown,C,Qualification,,,,,,,,,2018-03-12,2009-09-21,Phone Call,10.0,1.0,,0,0.0,1.0,0,0.1,0.9,0,0.0,1.0,0,0.17,0.83,0,0.2,0.8
ID208,Stevie Ray,73.0,70-79,F, '68,"Alumni, Degreed",Bernie the St. Bernard,,Permanent,Jacksonville,FL,32246,Supervisor,A Government Entity,2500,"$50,000 - $99,999",50000.0,99999.0,Low,A,Cultivation,2017-05-15,100.0,,100.0,100.0,100.0,200.0,100.0,2015-01-05,2017-06-16,Personal Correspondence,15.0,4.0,37.0,1,1.0,0.0,0,0.5,0.5,1,1.0,0.0,0,0.22,0.78,0,0.21,0.79
ID209,Nora,0.0,0-29,M, '09,"Alumni, Degreed",Bernie the St. Bernard,,Permanent,Maitland,FL,32751,AVP,A Government Entity,2500,"$100,000 - $249,999",100000.0,249999.0,Unknown,B,Qualification,2017-12-26,200.0,200.0,200.0,200.0,200.0,,,2012-04-09,2017-06-16,Personal Correspondence,6.0,2.0,25.0,1,1.0,0.0,1,0.9,0.1,1,1.0,0.0,0,0.24,0.76,0,0.23,0.77
ID210,Ophelia,65.0,60-69,F, '92,"Alumni, Degreed",Bernie the St. Bernard,,Permanent,Maitland,FL,32751,Chief Operating Officer,A Nonprofit Organization,2500,"$50,000 - $99,999",50000.0,99999.0,High,A,Not a MG Prospect Now,2017-10-19,5000.0,5000.0,5000.0,7100.0,5000.0,5000.0,1885.0,2004-09-14,2018-01-10,Personal Correspondence,11.0,10.0,62.0,1,1.0,0.0,1,1.0,0.0,1,1.0,0.0,1,1.0,0.0,1,0.94,0.06
ID211,Michael,75.0,70-79,M,,Friend,Bernie the St. Bernard,,Permanent,Maitland,FL,32751,VP CEO,A Government Entity,2500,"$250,000 - $499,999",250000.0,499999.0,Low,C,Qualification,1997-08-06,50.0,,,,,,,2014-02-26,2013-11-22,Personal Correspondence,3.0,2.0,2.0,0,0.0,1.0,0,0.1,0.9,0,0.0,1.0,0,0.17,0.83,0,0.2,0.8
ID212,David,0.0,0-29,F, '75,"Alumni, Non-Degreed",Bernie the St. Bernard,,Permanent,Maitland,FL,32751,AVP,A Government Entity,2500,"$50,000 - $99,999",50000.0,99999.0,Unknown,C,Qualification,2000-05-17,1000.0,,,,,,,2013-09-25,2017-03-02,Personal Correspondence,7.0,4.0,1.0,0,0.0,1.0,0,0.3,0.7,0,0.0,1.0,0,0.2,0.8,0,0.22,0.78
ID213,Alex,71.0,70-79,F, '80,"Alumni, Degreed",Bernie the St. Bernard,,Permanent,Maitland,FL,32751,Supervisor,Another Company,3000,"$50,000 - $99,999",50000.0,99999.0,Moderate,B,Cultivation,2012-03-27,2000.0,,,,,,,2012-02-01,2016-12-13,Personal Correspondence,15.0,18.0,22.0,0,0.0,1.0,0,0.1,0.9,0,0.0,1.0,0,0.22,0.78,0,0.24,0.76
ID214,Janis,66.0,60-69,F, '92,"Alumni, Degreed",Bernie the St. Bernard,,Permanent,Maitland,FL,32751,Supervisor,This Company,125,"$250,000 - $499,999",250000.0,499999.0,Unknown,,Qualification,2014-04-23,2000.0,,,,,2000.0,,,,,,,1.0,0,0.0,1.0,0,0.1,0.9,0,0.0,1.0,0,0.19,0.81,0,0.24,0.76
ID215,Neil ,68.0,60-69,F, '84,"Alumni, Degreed",Bernie the St. Bernard,,Permanent,Minneapolis,MN,55437,Supervisor,That Corporation,2500,"$100,000 - $249,999",100000.0,249999.0,Unknown,B,Qualification,2017-04-03,250.0,,250.0,,,250.0,200.0,2015-12-01,2017-06-16,Personal Correspondence,11.0,1.0,11.0,1,1.0,0.0,0,0.2,0.8,0,0.0,1.0,0,0.2,0.8,0,0.22,0.78
ID216,Chuck,55.0,50-59,F, '67,"Alumni, Degreed",Bernie the St. Bernard,,Permanent,Natick,MA,1760,VP CEO,Another Company,2500,"$50,000 - $99,999",50000.0,99999.0,Unknown,B,Qualification,2017-11-20,500.0,500.0,13792.0,130.0,100.0,100.0,100.0,,2018-01-10,Personal Correspondence,7.0,,38.0,1,1.0,0.0,1,1.0,0.0,1,1.0,0.0,1,0.98,0.02,1,0.76,0.24
ID217,John ,64.0,60-69,M, '85 P'20,"Alumni, Degreed",Bernie the St. Bernard,,Permanent,New Haven,CT,6511,Chief Operating Officer,Yet Another Corporation,8500,"$100,000 - $249,999",100000.0,249999.0,Unknown,B,Qualification,2016-11-08,100.0,,100.0,,,1885.0,1885.0,2013-11-18,2017-06-16,Personal Correspondence,18.0,,12.0,1,1.0,0.0,0,0.3,0.7,0,0.0,1.0,0,0.19,0.81,0,0.21,0.79
ID218,Sally,0.0,0-29,F, '84,"Alumni, Degreed",Bernie the St. Bernard,,Permanent,New York,NY,10001,AVP,Yet Another Corporation,2500,"$100,000 - $249,999",100000.0,249999.0,Low,B,Qualification,2018-02-06,100.0,100.0,,,,314.16,1884.96,2012-11-06,2018-03-23,Face-to-Face Visit,10.0,10.0,52.0,0,0.0,1.0,0,0.2,0.8,0,0.0,1.0,0,0.17,0.83,0,0.2,0.8
ID219,Marshall,0.0,0-29,F, '83,"Alumni, Degreed",Bernie the St. Bernard,,Permanent,New York,NY,10001,AVP,This Company,2500,"$100,000 - $249,999",100000.0,249999.0,Unknown,C,Qualification,1994-03-14,25.0,,,,,,,2017-12-13,,,10.0,,2.0,0,0.0,1.0,0,0.0,1.0,0,0.0,1.0,0,0.16,0.84,0,0.2,0.8
ID220,Karen,50.0,50-59,M, '95,"Alumni, Degreed",Bernie the St. Bernard,,Permanent,New York,NY,10001,Supervisor,That Corporation,2500,"$250,000 - $499,999",250000.0,499999.0,Unknown,B,Cultivation,2017-03-22,10000.0,,10050.0,,250.0,,,2017-11-20,2018-03-08,Face-to-Face Visit,7.0,8.0,17.0,1,1.0,0.0,0,0.2,0.8,0,0.07,0.93,1,0.96,0.04,1,0.83,0.17
ID221,Kanye,59.0,50-59,M, '92,"Alumni, Degreed",Bernie the St. Bernard,,Permanent,New York,NY,10001,AVP,This Company,125,"$100,000 - $249,999",100000.0,249999.0,Unknown,C,Qualification,1994-03-14,25.0,,,,,,,2017-12-13,,,10.0,,2.0,0,0.0,1.0,0,0.0,1.0,0,0.0,1.0,0,0.17,0.83,0,0.2,0.8
ID222,Lenny,73.0,70-79,M,,Friend,Bernie the St. Bernard,,Permanent,New York,NY,10001,Supervisor,That Corporation,2500,"$250,000 - $499,999",250000.0,499999.0,Unknown,B,Cultivation,2017-03-22,10000.0,,10050.0,,250.0,,,2017-11-20,2018-03-08,Face-to-Face Visit,7.0,8.0,17.0,1,1.0,0.0,0,0.1,0.9,0,0.0,1.0,1,0.96,0.04,1,0.83,0.17
ID223,Lee,73.0,70-79,M, '96,"Alumni, Degreed",Bernie the St. Bernard,,Permanent,New York,NY,10001,VP CEO,A Nonprofit Organization,2500,"$50,000 - $99,999",50000.0,99999.0,Unknown,,Qualification,2017-09-18,5000.0,5000.0,3000.0,2100.0,5000.0,,,,2018-02-05,Face-to-Face Visit,,3.0,5.0,1,1.0,0.0,1,0.7,0.3,1,1.0,0.0,1,0.95,0.05,1,0.79,0.21
ID224,Pete ,51.0,50-59,M, '83,"Alumni, Degreed",Bernie the St. Bernard,,Permanent,New York,NY,10001,VP CEO,A Nonprofit Organization,2500,"$100,000 - $249,999",100000.0,249999.0,Unknown,C,Qualification,1989-03-28,50.0,,,,,,,2015-12-02,2013-04-30,Personal Correspondence,2.0,1.0,1.0,0,0.0,1.0,0,0.2,0.8,0,0.0,1.0,0,0.17,0.83,0,0.2,0.8
ID225,Robert ,59.0,50-59,M, '68,"Alumni, Degreed",Bernie the St. Bernard,,Permanent,New York,NY,10001,AVP,This Company,125,"$100,000 - $249,999",100000.0,249999.0,Unknown,B,Qualification,2017-12-26,5000.0,5000.0,5000.0,5000.0,5000.0,5000.0,5000.0,2017-11-27,2018-01-10,Personal Correspondence,9.0,,32.0,1,1.0,0.0,1,0.9,0.1,1,1.0,0.0,1,1.0,0.0,1,0.91,0.09
ID226,Vicky,0.0,0-29,M, '92,"Alumni, Degreed",Bernie the St. Bernard,,Permanent,New York,NY,10001,AVP,This Company,8500,"$100,000 - $249,999",100000.0,249999.0,Unknown,B,Qualification,2017-12-26,5000.0,5000.0,5000.0,5000.0,5000.0,5000.0,5000.0,2017-11-27,2018-01-10,Personal Correspondence,9.0,,32.0,1,1.0,0.0,1,1.0,0.0,1,1.0,0.0,1,1.0,0.0,1,0.91,0.09
ID227,Michael,73.0,70-79,M, '63,"Alumni, Degreed",Bernie the St. Bernard,,Permanent,New York,NY,10002,VP CEO,That Corporation,2500,"$250,000 - $499,999",250000.0,499999.0,Unknown,D,Qualification,2002-09-11,2500.0,,,,,,,2013-11-14,,,4.0,,11.0,0,0.0,1.0,0,0.1,0.9,0,0.0,1.0,0,0.21,0.79,0,0.26,0.74
ID228,Catherine,0.0,0-29,M, '64 P'97MAT P'97 P'01MBA,"Alumni, Degreed",Bernie the St. Bernard,,Permanent,New York,NY,10002,AVP,Yet Another Corporation,2500,"$100,000 - $249,999",100000.0,249999.0,Unknown,,Qualification,2018-01-31,10000.0,10000.0,,,,10000.0,10000.0,2016-03-03,2017-02-22,Phone Call,4.0,,10.0,0,0.0,1.0,0,0.2,0.8,0,0.0,1.0,1,0.8,0.2,1,0.75,0.25
ID229,Elaine,65.0,60-69,F,,Friend,Bernie the St. Bernard,,Permanent,New York,NY,10002,Chief Operating Officer,A Government Entity,2500,"$100,000 - $249,999",100000.0,249999.0,Unknown,D,Qualification,,,,,,,,,,2016-06-21,Personal Correspondence,7.0,,,0,0.0,1.0,0,0.0,1.0,0,0.0,1.0,0,0.18,0.82,0,0.2,0.8
ID230,Tom ,75.0,70-79,M, '12MLS,"Alumni, Grad School",Bernie the St. Bernard,,Permanent,New York,NY,10002,VP CEO,A Nonprofit Organization,2500,"$100,000 - $249,999",100000.0,249999.0,Unknown,C,Qualification,2008-02-21,250.0,,,,,,,2017-12-13,2013-02-25,Personal Correspondence,8.0,,13.0,0,0.0,1.0,0,0.1,0.9,0,0.0,1.0,0,0.18,0.82,0,0.2,0.8
ID231,Jimi ,0.0,0-29,F, '91,"Alumni, Degreed",Bernie the St. Bernard,,Permanent,New York,NY,10002,AVP,A Nonprofit Organization,4000,"$100,000 - $249,999",100000.0,249999.0,Unknown,,Qualification,2017-08-02,2100.0,2100.0,4100.0,4100.0,5000.0,4600.0,4000.0,2003-12-22,2018-02-26,Email Contact,3.0,7.0,31.0,1,1.0,0.0,1,1.0,0.0,1,1.0,0.0,1,0.99,0.01,1,0.79,0.21
ID232,Buddy,71.0,70-79,M, '89,"Alumni, Degreed",Bernie the St. Bernard,,Work,New York,NY,10002,Supervisor,A Nonprofit Organization,2500,"$50,000 - $99,999",50000.0,99999.0,Moderate,B,Qualification,2017-12-15,2000.0,2000.0,2500.0,1000.0,2000.0,1885.0,1885.0,2008-03-06,2018-01-10,Personal Correspondence,11.0,4.0,21.0,1,1.0,0.0,1,1.0,0.0,1,1.0,0.0,1,0.74,0.26,1,0.53,0.47
ID233,Duncan ,66.0,60-69,M,,Friend,Bernie the St. Bernard,,Permanent,New York,NY,10003,Supervisor,Yet Another Corporation,2500,"$100,000 - $249,999",100000.0,249999.0,Unknown,,Cultivation,2017-10-30,25000.0,30200.0,25000.0,29200.0,,8500.0,5000.0,,2018-01-10,Personal Correspondence,2.0,11.0,20.0,1,1.0,0.0,1,0.9,0.1,1,1.0,0.0,1,1.0,0.0,1,1.0,0.0
ID234,John ,68.0,60-69,F, '87,"Alumni, Degreed",Bernie the St. Bernard,,Permanent,New York,NY,10003,Supervisor,Another Company,2500,"$50,000 - $99,999",50000.0,99999.0,Unknown,B,Qualification,2012-03-19,250.0,,,,,,,2013-07-10,2015-08-26,Email Contact,2.0,,1.0,0,0.0,1.0,0,0.2,0.8,0,0.0,1.0,0,0.18,0.82,0,0.2,0.8
ID235,George ,55.0,50-59,F, '82 P'15,"Alumni, Degreed",Bernie the St. Bernard,,Permanent,New York,NY,10003,VP CEO,Yet Another Corporation,6000,"$50,000 - $99,999",50000.0,99999.0,Low,B,Qualification,2017-08-22,75.0,75.0,,100.0,,100.0,,,2017-12-14,Email Contact,8.0,4.0,24.0,0,0.0,1.0,1,0.7,0.3,1,0.93,0.07,0,0.22,0.78,0,0.21,0.79
ID236,Mary,64.0,60-69,M, '90,"Alumni, Degreed",Bernie the St. Bernard,,Permanent,New York,NY,10003,Chief Operating Officer,This Company,2500,"$100,000 - $249,999",100000.0,249999.0,Unknown,B,Qualification,2015-10-19,250.0,,,250.0,,,250.0,2007-04-10,2015-01-22,Email Contact,12.0,,42.0,0,0.0,1.0,0,0.3,0.7,0,0.0,1.0,0,0.21,0.79,0,0.21,0.79
ID237,Tom ,0.0,0-29,M, '68,"Alumni, Non-Degreed",Bernie the St. Bernard,,Permanent,Orlando,FL,32804,AVP,Another Company,4000,"$50,000 - $99,999",50000.0,99999.0,High,A,Cultivation,2017-12-18,2500.0,2550.0,2550.0,2540.0,2540.0,2530.0,1945.0,2014-06-16,2018-01-10,Personal Correspondence,6.0,18.0,57.0,1,1.0,0.0,1,1.0,0.0,1,1.0,0.0,1,0.93,0.07,1,0.65,0.35
ID238,David,0.0,0-29,F, '68,"Alumni, Degreed",Bernie the St. Bernard,,Permanent,Orlando,FL,32836,Chief Operating Officer,Another Company,2500,"$100,000 - $249,999",100000.0,249999.0,Unknown,D,Qualification,,,,,,,,,,,,,,,0,0.0,1.0,0,0.1,0.9,0,0.0,1.0,0,0.17,0.83,0,0.2,0.8
ID239,Julie,59.0,50-59,M, '64,"Alumni, Degreed",Bernie the St. Bernard,,Permanent,Orlando,FL,32836,AVP,Yet Another Corporation,2500,"$100,000 - $249,999",100000.0,249999.0,Unknown,,Qualification,2018-01-31,10000.0,10000.0,,,,10000.0,10000.0,2016-03-03,2017-02-22,Phone Call,4.0,,10.0,0,0.0,1.0,0,0.3,0.7,0,0.0,1.0,1,0.8,0.2,1,0.75,0.25
ID240,Neil ,73.0,70-79,F, '00 '08MA,"Alumni, Degreed",Bernie the St. Bernard,,Permanent,Orlando,FL,32812,VP CEO,That Corporation,2500,"$50,000 - $99,999",50000.0,99999.0,Unknown,C,Qualification,1998-12-30,25.0,,,,,,,2017-12-13,,,3.0,,4.0,0,0.0,1.0,0,0.1,0.9,0,0.0,1.0,0,0.18,0.82,0,0.2,0.8
ID241,Eddie ,73.0,70-79,M, '76,"Alumni, Degreed",Bernie the St. Bernard,,Permanent,Orlando,FL,32827,VP CEO,Yet Another Corporation,2500,"$50,000 - $99,999",50000.0,99999.0,High,B,Cultivation,2017-03-08,250.0,,250.0,,,,,2017-11-15,2017-06-16,Personal Correspondence,14.0,8.0,20.0,1,1.0,0.0,0,0.4,0.6,0,0.01,0.99,0,0.21,0.79,0,0.22,0.78
ID242,Miles,51.0,50-59,F, '92MLS,"Alumni, Grad School",Bernie the St. Bernard,,Permanent,Orlando,FL,32806,VP CEO,A Government Entity,2500,"$50,000 - $99,999",50000.0,99999.0,Unknown,B,Qualification,2014-02-24,500.0,,,,,1000.0,750.0,2017-12-13,2014-09-02,Email Contact,7.0,,14.0,0,0.0,1.0,0,0.1,0.9,0,0.0,1.0,0,0.19,0.81,0,0.21,0.79
ID243,Jaco ,59.0,50-59,F, '75,"Alumni, Degreed",Bernie the St. Bernard,,Permanent,Orlando,FL,32832,AVP,A Nonprofit Organization,2500,"$100,000 - $249,999",100000.0,249999.0,Unknown,,Qualification,2017-08-02,2100.0,2100.0,4100.0,4100.0,5000.0,4600.0,4000.0,2003-12-22,2018-02-26,Email Contact,3.0,7.0,31.0,1,1.0,0.0,1,1.0,0.0,1,1.0,0.0,1,0.99,0.01,1,0.79,0.21
ID244,James,0.0,0-29,M, '95,"Alumni, Degreed",Bernie the St. Bernard,,Permanent,Orlando,FL,32836,Chief Operating Officer,Yet Another Corporation,125,,,,Unknown,C,Qualification,2017-03-24,2000.0,,2000.0,,,,,2014-03-31,2017-06-16,Personal Correspondence,2.0,,5.0,1,1.0,0.0,0,0.4,0.6,0,0.0,1.0,0,0.38,0.62,0,0.36,0.64
ID245,Charlene,73.0,70-79,F, '68,"Alumni, Degreed",Bernie the St. Bernard,,Permanent,Orlando,FL,32819,VP CEO,That Corporation,2500,"$100,000 - $249,999",100000.0,249999.0,Unknown,B,Qualification,,,,,,,,,2017-11-02,2017-11-02,Attempted Contact; Email Contact,8.0,,,0,0.0,1.0,0,0.0,1.0,0,0.0,1.0,0,0.17,0.83,0,0.2,0.8
ID246,John ,0.0,0-29,F, '95 '03MLS,"Alumni, Degreed",Bernie the St. Bernard,,Permanent,Orlando,FL,32835,Chief Operating Officer,A Nonprofit Organization,125,,,,Unknown,,Qualification,2017-12-13,2100.0,2100.0,,1544.0,,3500.0,,,2018-01-10,Personal Correspondence,,6.0,6.0,0,0.0,1.0,1,0.7,0.3,1,1.0,0.0,1,0.68,0.32,0,0.38,0.62
ID247,Bibi,65.0,60-69,M, '70,"Alumni, Degreed",Bernie the St. Bernard,,Permanent,Orlando,FL,32827,Chief Operating Officer,A Government Entity,125,"$100,000 - $249,999",100000.0,249999.0,Unknown,C,Qualification,,,,,,,,,2014-10-17,2016-10-12,Phone Call,5.0,,,0,0.0,1.0,0,0.0,1.0,0,0.0,1.0,0,0.18,0.82,0,0.2,0.8
ID248,Janet,75.0,70-79,M, '74 '75MBA P'11 P'12MBA,"Alumni, Degreed",Bernie the St. Bernard,,Permanent,Orlando,FL,32836,VP CEO,A Government Entity,2500,"$500,000 - $999,999",500000.0,999999.0,Unknown,,Not a MG Prospect Now,2017-09-07,2050.0,2050.0,4100.0,2500.0,,4000.0,4000.0,,2018-03-12,Face-to-Face Visit,4.0,10.0,16.0,1,1.0,0.0,1,1.0,0.0,1,1.0,0.0,1,0.96,0.04,1,0.67,0.33
ID249,Leslie,0.0,0-29,M, '70,"Alumni, Degreed",Bernie the St. Bernard,,Permanent,Orlando,FL,32814,Chief Operating Officer,This Company,2500,"$50,000 - $99,999",50000.0,99999.0,Unknown,B,Qualification,2011-10-17,250.0,,,,,,,2007-11-20,2010-12-08,Personal Correspondence,8.0,,4.0,0,0.0,1.0,0,0.2,0.8,0,0.0,1.0,0,0.2,0.8,0,0.2,0.8
ID250,Steve ,71.0,70-79,M, '93,"Alumni, Degreed",Bernie the St. Bernard,,Permanent,Orlando,FL,32827,Supervisor,A Government Entity,2500,"$250,000 - $499,999",250000.0,499999.0,Unknown,,Qualification,2010-04-19,2000.0,,,,,,,,2018-02-04,Email Contact,2.0,10.0,7.0,0,0.0,1.0,0,0.3,0.7,0,0.0,1.0,0,0.2,0.8,0,0.24,0.76
ID251,Angus,66.0,60-69,M,,Friend,Bernie the St. Bernard,,Permanent,Orlando,FL,32832,Supervisor,A Government Entity,2500,,,,Unknown,,Disqualified as a MG Prosp,2017-09-22,2100.0,2100.0,2000.0,4100.0,,,,,2018-01-10,Personal Correspondence,,7.0,5.0,1,1.0,0.0,1,0.7,0.3,1,1.0,0.0,1,0.98,0.02,1,0.65,0.35
ID252,Ty,68.0,60-69,M,,"Trustee, Former",Bernie the St. Bernard,,Permanent,Orlando,FL,32832,Supervisor,Another Company,2500,"$500,000 - $999,999",500000.0,999999.0,Unknown,B,Qualification,1996-12-12,25.0,,,,,,,2017-01-19,2013-07-29,Personal Correspondence,13.0,,1.0,0,0.0,1.0,0,0.0,1.0,0,0.0,1.0,0,0.19,0.81,0,0.2,0.8
ID253,Nancy,55.0,50-59,M, '67,"Alumni, Degreed",Bernie the St. Bernard,,Permanent,Orlando,FL,32804,VP CEO,That Corporation,125,"$1,000,000 - $4,999,999",1000000.0,4999999.0,Unknown,C,Qualification,2014-04-29,100.0,,,,,100.0,,2015-12-04,2008-12-03,Phone Call,12.0,,7.0,0,0.0,1.0,0,0.1,0.9,0,0.0,1.0,0,0.18,0.82,0,0.2,0.8
ID254,Alex,64.0,60-69,F, '82,"Alumni, Degreed",Bernie the St. Bernard,,Permanent,Orlando,FL,32827,Chief Operating Officer,A Nonprofit Organization,2500,"$100,000 - $249,999",100000.0,249999.0,Moderate,A,Qualification,2018-03-08,50.0,50.0,500.0,550.0,50.0,50.0,1935.0,2004-09-30,2017-11-20,Email Contact,11.0,8.0,34.0,1,1.0,0.0,1,1.0,0.0,1,1.0,0.0,0,0.34,0.66,0,0.25,0.75
ID255,Penny,0.0,0-29,M, '81,"Alumni, Non-Degreed",Bernie the St. Bernard,,Permanent,Orlando,FL,32819,Chief Operating Officer,This Company,2500,"$500,000 - $999,999",500000.0,999999.0,Moderate,B,Cultivation,2010-12-20,5000.0,,,,,,,2018-03-13,2016-12-06,Personal Correspondence,11.0,2.0,7.0,0,0.0,1.0,0,0.1,0.9,0,0.0,1.0,0,0.29,0.71,0,0.32,0.68
ID256,Miles,0.0,0-29,F, '70,"Alumni, Degreed",Bernie the St. Bernard,,Permanent,Orlando,FL,32836,Chief Operating Officer,Another Company,20000,"$100,000 - $249,999",100000.0,249999.0,Unknown,B,Cultivation,2017-09-25,15000.0,65000.0,100000.0,50000.0,50000.0,50000.0,20000.0,,2018-01-10,Personal Correspondence,3.0,1.0,13.0,1,1.0,0.0,1,0.9,0.1,1,1.0,0.0,1,1.0,0.0,1,1.0,0.0
ID257,Sara,50.0,50-59,M, '89,"Alumni, Degreed",Bernie the St. Bernard,,Permanent,Orlando,FL,32820,VP CEO,A Nonprofit Organization,4000,"$50,000 - $99,999",50000.0,99999.0,Unknown,,Qualification,2017-09-18,5000.0,5000.0,3000.0,2100.0,5000.0,,,,2018-02-05,Face-to-Face Visit,,3.0,5.0,1,1.0,0.0,1,1.0,0.0,1,1.0,0.0,1,0.96,0.04,1,0.79,0.21
ID258,B.B.,59.0,50-59,M, '80,"Alumni, Degreed",Bernie the St. Bernard,,Permanent,Orlando,FL,32827,AVP,Another Company,20000,"$50,000 - $99,999",50000.0,99999.0,High,A,Cultivation,2017-12-18,2500.0,2550.0,2550.0,2540.0,2540.0,2530.0,1945.0,2014-06-16,2018-01-10,Personal Correspondence,6.0,18.0,57.0,1,1.0,0.0,1,1.0,0.0,1,1.0,0.0,1,0.93,0.07,1,0.65,0.35
ID259,Vanessa,73.0,70-79,F, '68,"Alumni, Non-Degreed",Bernie the St. Bernard,,Permanent,Orlando,FL,32819,VP CEO,This Company,2500,"$100,000 - $249,999",100000.0,249999.0,Unknown,B,Cultivation,2015-11-04,200.0,,,200.0,210.0,,200.0,2003-10-17,2018-01-09,Face-to-Face Visit,15.0,7.0,26.0,0,0.0,1.0,0,0.3,0.7,0,0.0,1.0,0,0.2,0.8,0,0.21,0.79
ID260,Cat,73.0,70-79,M, '93,"Alumni, Degreed",Bernie the St. Bernard,,Permanent,Orlando,FL,32819,VP CEO,A Nonprofit Organization,2500,"$100,000 - $249,999",100000.0,249999.0,Unknown,C,Qualification,1989-03-28,50.0,,,,,,,2015-12-02,2013-04-30,Personal Correspondence,2.0,1.0,1.0,0,0.0,1.0,0,0.1,0.9,0,0.0,1.0,0,0.18,0.82,0,0.2,0.8
ID261,Amanda,51.0,50-59,M, '99MLS,"Alumni, Grad School",Bernie the St. Bernard,,Permanent,Orlando,FL,32827,VP CEO,Another Company,2500,"$100,000 - $249,999",100000.0,249999.0,Unknown,B,Qualification,2016-10-03,500.0,,500.0,50.0,,,100.0,2014-02-20,2017-12-14,Event,9.0,2.0,17.0,1,1.0,0.0,0,0.5,0.5,0,0.0,1.0,0,0.21,0.79,0,0.24,0.76
ID262,Dana,59.0,50-59,F, '68,"Alumni, Degreed",Bernie the St. Bernard,,Permanent,Orlando,FL,32806,Chief Operating Officer,Another Company,2500,"$100,000 - $249,999",100000.0,249999.0,Unknown,D,Qualification,,,,,,,,,,,,,,,0,0.0,1.0,0,0.0,1.0,0,0.0,1.0,0,0.17,0.83,0,0.2,0.8
ID263,Nancy,0.0,0-29,M,,Friend,Bernie the St. Bernard,,Work,Orlando,FL,32819,Chief Operating Officer,That Corporation,2500,"$250,000 - $499,999",250000.0,499999.0,Unknown,C,Cultivation,2009-03-03,20.0,,,,,,,2017-12-13,2014-09-04,Email Contact,9.0,3.0,16.0,0,0.0,1.0,0,0.0,1.0,0,0.0,1.0,0,0.16,0.84,0,0.2,0.8
ID264,Cat,73.0,70-79,F, '92,"Alumni, Degreed",Bernie the St. Bernard,,Permanent,Orlando,FL,32836,VP CEO,A Government Entity,6000,"$50,000 - $99,999",50000.0,99999.0,Unknown,B,Qualification,2014-02-24,500.0,,,,,1000.0,750.0,2017-12-13,2014-09-02,Email Contact,7.0,,14.0,0,0.0,1.0,0,0.2,0.8,0,0.0,1.0,0,0.19,0.81,0,0.21,0.79
ID265,George,0.0,0-29,F, '08MA,"Alumni, Grad School",Bernie the St. Bernard,,Permanent,Orlando,FL,32832,Chief Operating Officer,Another Company,2500,"$50,000 - $99,999",50000.0,99999.0,Unknown,,Cultivation,2015-11-04,100.0,,,100.0,,,,2017-12-21,2016-11-08,Personal Correspondence,7.0,,3.0,0,0.0,1.0,0,0.4,0.6,0,0.04,0.96,0,0.2,0.8,0,0.2,0.8
ID266,John ,65.0,60-69,M, '90,"Alumni, Degreed",Bernie the St. Bernard,,Permanent,Orlando,FL,32827,Chief Operating Officer,Another Company,3000,"$50,000 - $99,999",50000.0,99999.0,High,B,Stewardship,2017-01-03,100.0,,100.0,,85000.0,500.0,2385.0,2014-06-16,2017-12-06,Face-to-Face Visit,18.0,11.0,30.0,1,1.0,0.0,0,0.5,0.5,1,1.0,0.0,0,0.02,0.98,0,0.37,0.63
ID267,Rachel,75.0,70-79,M, '78,"Alumni, Degreed",Bernie the St. Bernard,,Permanent,Orlando,FL,32836,VP CEO,This Company,2500,"$50,000 - $99,999",50000.0,99999.0,Unknown,B,Qualification,2017-05-15,50.0,,50.0,75.0,25.0,50.0,25.0,2013-05-29,2017-06-16,Personal Correspondence,9.0,,23.0,1,1.0,0.0,0,0.5,0.5,1,1.0,0.0,0,0.22,0.78,0,0.21,0.79
ID268,Dave,0.0,0-29,M, '78,"Alumni, Degreed",Bernie the St. Bernard,,Permanent,Papillion,NE,68046,Chief Operating Officer,That Corporation,2500,"$50,000 - $99,999",50000.0,99999.0,Unknown,B,Qualification,2013-10-15,500.0,,,,,500.0,,2017-12-13,2015-05-26,Email Contact,3.0,2.0,2.0,0,0.0,1.0,0,0.1,0.9,0,0.0,1.0,0,0.18,0.82,0,0.21,0.79
ID269,Wendy,71.0,70-79,M, '88,"Alumni, Degreed",Bernie the St. Bernard,,Permanent,Spicewood,TX,78669,Supervisor,A Government Entity,2500,"$5,000,000 - $9,999,999",5000000.0,9999999.0,Unknown,,Qualification,2000-02-10,1000.0,,,,,,,,2001-02-15,Personal Correspondence,,,3.0,0,0.0,1.0,0,0.1,0.9,0,0.0,1.0,0,0.2,0.8,0,0.22,0.78
ID270,Steve ,66.0,60-69,M, '81,"Alumni, Degreed",Bernie the St. Bernard,,Permanent,Tampa,FL,33610,Supervisor,A Nonprofit Organization,2500,"$100,000 - $249,999",100000.0,249999.0,Unknown,,Qualification,2017-10-06,1900.0,1900.0,1000.0,5000.0,,,,,2017-11-02,Email Contact,,1.0,3.0,1,1.0,0.0,1,1.0,0.0,1,0.98,0.02,1,0.99,0.01,1,0.62,0.38
ID271,Brian,68.0,60-69,M, '85,"Alumni, Degreed",Bernie the St. Bernard,,Permanent,San Francisco,CA,94101,Supervisor,That Corporation,2500,"$50,000 - $99,999",50000.0,99999.0,Unknown,B,Qualification,2017-03-31,100.0,,100.0,,,,,2017-12-13,2017-06-16,Personal Correspondence,10.0,,9.0,1,1.0,0.0,0,0.3,0.7,0,0.0,1.0,0,0.2,0.8,0,0.21,0.79
ID272,Katherine,55.0,50-59,F, '80,"Alumni, Degreed",Bernie the St. Bernard,,Permanent,San Francisco,CA,94102,VP CEO,Yet Another Corporation,75,"$50,000 - $99,999",50000.0,99999.0,Moderate,A,Stewardship,2017-12-21,10000.0,10000.0,25000.0,2500.0,22000.0,15000.0,36000.0,2014-06-16,2018-01-10,Personal Correspondence,9.0,4.0,36.0,1,1.0,0.0,1,0.9,0.1,1,1.0,0.0,1,1.0,0.0,1,1.0,0.0
ID273,Nell,64.0,60-69,M,,Friend,Bernie the St. Bernard,,Permanent,San Francisco,CA,94103,Chief Operating Officer,Yet Another Corporation,2500,"$50,000 - $99,999",50000.0,99999.0,Unknown,B,Not a MG Prospect Now,,,250.0,2000.0,,,4250.0,,,2017-07-05,Email Contact,2.0,11.0,17.0,0,0.0,1.0,0,0.4,0.6,1,0.59,0.41,0,0.35,0.65,0,0.32,0.68
ID274,Eddie ,0.0,0-29,M, '68 '69MBA,"Alumni, Degreed",Bernie the St. Bernard,,Permanent,San Francisco,CA,94103,Chief Operating Officer,Yet Another Corporation,2500,"$50,000 - $99,999",50000.0,99999.0,Low,B,Qualification,2016-11-14,500.0,,500.0,100.0,,,,2017-11-15,2017-10-30,Email Contact,7.0,3.0,19.0,1,1.0,0.0,0,0.4,0.6,0,0.01,0.99,0,0.23,0.77,0,0.24,0.76
ID275,Tom ,0.0,0-29,F, '98,"Alumni, Degreed",Bernie the St. Bernard,,Permanent,San Francisco,CA,94103,Chief Operating Officer,Yet Another Corporation,2500,"$100,000 - $249,999",100000.0,249999.0,Unknown,B,Qualification,2016-11-08,100.0,,100.0,,,1885.0,1885.0,2013-11-18,2017-06-16,Personal Correspondence,18.0,,12.0,1,1.0,0.0,0,0.1,0.9,0,0.0,1.0,0,0.19,0.81,0,0.21,0.79
ID276,Cat,40.072072072072,40-49,M, '80,"Alumni, Degreed",Bernie the St. Bernard,,Permanent,Winter Park,FL,32789,Supervisor,A Government Entity,2500,"$50,000 - $99,999",50000.0,99999.0,Unknown,B,Qualification,2013-03-28,50.0,,,,,,50.0,2018-03-12,2017-03-01,Personal Correspondence,14.0,,14.0,0,0.0,1.0,0,0.1,0.9,0,0.0,1.0,0,0.18,0.82,0,0.2,0.8
ID277,Kurt ,39.6861071597913,40-49,M, '01MBA '13MLS P'13,"Alumni, Business School",Bernie the St. Bernard,,Permanent,Winter Park,FL,32789,Supervisor,A Nonprofit Organization,2500,"$250,000 - $499,999",250000.0,499999.0,Unknown,B,Qualification,2013-10-21,50.0,,,,,50.0,,,2017-03-02,Personal Correspondence,11.0,,18.0,0,0.0,1.0,0,0.1,0.9,0,0.0,1.0,0,0.18,0.82,0,0.2,0.8
ID278,Alberta,39.3001422475106,30-39,M, '80 P'15,"Alumni, Degreed",Bernie the St. Bernard,,Work,Winter Park,FL,32790,Supervisor,A Government Entity,2500,"$50,000 - $99,999",50000.0,99999.0,Unknown,B,Cultivation,2012-10-29,100.0,,,,,,100.0,2012-07-05,2016-12-06,Personal Correspondence,10.0,,5.0,0,0.0,1.0,0,0.1,0.9,0,0.0,1.0,0,0.19,0.81,0,0.2,0.8
ID279,Chris ,38.9141773352299,30-39,M, '73,"Alumni, Degreed",Bernie the St. Bernard,,Permanent,Winter Park,FL,32789,Supervisor,That Corporation,2500,"$50,000 - $99,999",50000.0,99999.0,Unknown,B,Qualification,2017-03-31,100.0,,100.0,,,,,2017-12-13,2017-06-16,Personal Correspondence,10.0,,9.0,1,1.0,0.0,0,0.2,0.8,0,0.0,1.0,0,0.19,0.81,0,0.21,0.79
ID280,Danielle,38.5282124229492,30-39,M, '56,"Alumni, Degreed",Bernie the St. Bernard,,Permanent,Winter Park,FL,32789,Supervisor,Another Company,2500,"$500,000 - $999,999",500000.0,999999.0,Unknown,B,Qualification,1996-12-12,25.0,,,,,,,2017-01-19,2013-07-29,Personal Correspondence,13.0,,1.0,0,0.0,1.0,0,0.0,1.0,0,0.0,1.0,0,0.19,0.81,0,0.2,0.8
ID281,Lisa,38.1422475106685,30-39,F, '86,"Alumni, Degreed",Bernie the St. Bernard,,Work,Winter Park,FL,32789,Supervisor,Another Company,2500,"$50,000 - $99,999",50000.0,99999.0,Unknown,B,Qualification,2012-03-19,250.0,,,,,,,2013-07-10,2015-08-26,Email Contact,2.0,,1.0,0,0.0,1.0,0,0.1,0.9,0,0.0,1.0,0,0.18,0.82,0,0.2,0.8
ID282,Stevie Ray,37.7562825983878,30-39,M, '90,"Alumni, Degreed",Bernie the St. Bernard,,Permanent,Winter Park,FL,32789,Supervisor,That Corporation,2500,"$100,000 - $249,999",100000.0,249999.0,Unknown,B,Qualification,2017-04-03,250.0,,250.0,,,250.0,200.0,2015-12-01,2017-06-16,Personal Correspondence,11.0,1.0,11.0,1,1.0,0.0,0,0.2,0.8,0,0.0,1.0,0,0.2,0.8,0,0.22,0.78
ID283,Nora,37.3703176861071,30-39,F, '80,"Alumni, Degreed",Bernie the St. Bernard,,Permanent,Winter Park,FL,32789,Supervisor,This Company,2500,"$100,000 - $249,999",100000.0,249999.0,Unknown,B,Qualification,2008-12-15,500.0,,,,,,,2010-04-27,2009-03-27,Personal Correspondence,16.0,,7.0,0,0.0,1.0,0,0.1,0.9,0,0.0,1.0,0,0.18,0.82,0,0.21,0.79
ID284,Ophelia,36.9843527738264,30-39,F, '82,"Alumni, Degreed",Bernie the St. Bernard,,Permanent,Winter Park,FL,32789,Supervisor,That Corporation,125,,,,Unknown,B,Not a MG Prospect Now,2014-01-07,4000.0,,,,,4000.0,6000.0,,2015-11-16,Face-to-Face Visit,12.0,2.0,1.0,0,0.0,1.0,0,0.1,0.9,0,0.0,1.0,0,0.27,0.73,0,0.3,0.7
ID285,Michael,36.5983878615457,30-39,F, '66,"Alumni, Degreed",Bernie the St. Bernard,,Permanent,Winter Park,FL,32789,Supervisor,A Nonprofit Organization,2500,"$50,000 - $99,999",50000.0,99999.0,Unknown,B,Qualification,2017-10-11,1.0,,,,,,,,2017-11-14,Personal Correspondence,3.0,3.0,,0,0.0,1.0,0,0.0,1.0,0,0.0,1.0,0,0.19,0.81,0,0.2,0.8
ID286,David,36.212422949265,30-39,M, '92,"Alumni, Degreed",Bernie the St. Bernard,,Permanent,Winter Park,FL,32789,Supervisor,That Corporation,15000,"$1,000,000 - $4,999,999",1000000.0,4999999.0,High,B,Cultivation,2018-01-16,2000.0,12000.0,13000.0,6500.0,4000.0,13500.0,24000.0,2012-01-17,2018-02-09,Phone Call,27.0,5.0,88.0,1,1.0,0.0,1,0.9,0.1,1,1.0,0.0,1,1.0,0.0,1,0.97,0.03
ID287,Cat,35.8264580369843,30-39,M, '81,"Alumni, Degreed",Bernie the St. Bernard,,Permanent,Winter Park,FL,32789,Supervisor,A Nonprofit Organization,3000,"$100,000 - $249,999",100000.0,249999.0,Unknown,,Qualification,2017-10-06,1900.0,1900.0,1000.0,5000.0,,,,,2017-11-02,Email Contact,,1.0,3.0,1,1.0,0.0,1,1.0,0.0,1,1.0,0.0,1,0.99,0.01,1,0.62,0.38
ID288,Kurt ,35.4404931247036,30-39,M,,Friend,Bernie the St. Bernard,,Work,Winter Park,FL,32789,Supervisor,A Government Entity,125,,,,Unknown,,Disqualified as a MG Prosp,2017-09-22,2100.0,2100.0,2000.0,4100.0,,,,,2018-01-10,Personal Correspondence,,7.0,5.0,1,1.0,0.0,1,0.7,0.3,1,1.0,0.0,1,0.98,0.02,1,0.65,0.35
ID289,Alberta,35.0545282124229,30-39,F, '85,"Alumni, Degreed",Bernie the St. Bernard,,Permanent,Winter Park,FL,32789,Supervisor,Yet Another Corporation,2500,"$100,000 - $249,999",100000.0,249999.0,Unknown,,Cultivation,2017-10-30,25000.0,30200.0,25000.0,29200.0,,8500.0,5000.0,,2018-01-10,Personal Correspondence,2.0,11.0,20.0,1,1.0,0.0,1,1.0,0.0,1,1.0,0.0,1,1.0,0.0,1,1.0,0.0
ID290,Chris ,34.6685633001422,30-39,M,,Friend,Bernie the St. Bernard,,Permanent,Winter Park,FL,32789,Supervisor,This Company,2500,"$250,000 - $499,999",250000.0,499999.0,Unknown,,Qualification,2014-04-23,2000.0,,,,,2000.0,,,,,,,1.0,0,0.0,1.0,0,0.1,0.9,0,0.0,1.0,0,0.2,0.8,0,0.24,0.76
ID291,Danielle,34.2825983878615,30-39,F, '75,"Alumni, Degreed",Bernie the St. Bernard,,Permanent,Winter Park,FL,32789,Senior Director,That Corporation,2500,"$50,000 - $99,999",50000.0,99999.0,Low,B,Qualification,2014-03-10,100.0,,,,,100.0,,2013-10-16,2017-03-01,Personal Correspondence,5.0,,3.0,0,0.0,1.0,0,0.1,0.9,0,0.0,1.0,0,0.19,0.81,0,0.2,0.8
ID292,Lisa,33.8966334755808,30-39,M, '66,"Alumni, Degreed",Bernie the St. Bernard,,Permanent,Winter Park,FL,32789,Director,Yet Another Corporation,2500,"$100,000 - $249,999",100000.0,249999.0,Low,B,Cultivation,2016-03-07,100.0,,,100.0,,100.0,,2017-12-13,2014-10-16,Face-to-Face Visit,6.0,1.0,4.0,0,0.0,1.0,0,0.3,0.7,0,0.01,0.99,0,0.19,0.81,0,0.2,0.8
ID293,Stevie Ray,33.5106685633001,30-39,F, '80,"Alumni, Degreed",Bernie the St. Bernard,,Permanent,Winter Park,FL,32789,Chief Operating Officer,Another Company,2500,"$50,000 - $99,999",50000.0,99999.0,High,B,Stewardship,2017-01-03,100.0,,100.0,,85000.0,500.0,2385.0,2014-06-16,2017-12-06,Face-to-Face Visit,18.0,11.0,30.0,1,1.0,0.0,0,0.4,0.6,1,1.0,0.0,0,0.02,0.98,0,0.37,0.63
ID294,Nora,33.1247036510194,30-39,M, '69,"Alumni, Degreed",Bernie the St. Bernard,,Permanent,Winter Park,FL,32789,Chief Operating Officer,A Government Entity,2500,"$100,000 - $249,999",100000.0,249999.0,Unknown,C,Qualification,,,,,,,,,2014-10-17,2016-10-12,Phone Call,5.0,,,0,0.0,1.0,0,0.0,1.0,0,0.0,1.0,0,0.18,0.82,0,0.2,0.8
ID295,Ophelia,32.7387387387387,30-39,F, '74,"Alumni, Degreed",Bernie the St. Bernard,,Permanent,Winter Park,FL,32789,Chief Operating Officer,A Nonprofit Organization,8500,"$50,000 - $99,999",50000.0,99999.0,High,A,Not a MG Prospect Now,2017-10-19,5000.0,5000.0,5000.0,7100.0,5000.0,5000.0,1885.0,2004-09-14,2018-01-10,Personal Correspondence,11.0,10.0,62.0,1,1.0,0.0,1,1.0,0.0,1,1.0,0.0,1,1.0,0.0,1,0.94,0.06
ID296,Michael,32.352773826458,30-39,F, '72 P'02MBA,"Alumni, Degreed",Bernie the St. Bernard,,Permanent,Winter Park,FL,32789,Chief Operating Officer,That Corporation,2500,"$50,000 - $99,999",50000.0,99999.0,Unknown,B,Qualification,2017-12-23,100.0,100.0,75.0,75.0,75.0,,75.0,2007-11-20,2017-06-16,Personal Correspondence,9.0,,27.0,1,1.0,0.0,1,1.0,0.0,1,1.0,0.0,0,0.23,0.77,0,0.21,0.79
ID297,David,31.9668089141773,30-39,F, '84,"Alumni, Degreed",Bernie the St. Bernard,,Permanent,Winter Park,FL,32789,Chief Operating Officer,A Government Entity,3000,,,,Unknown,B,Disqualified as a MG Prosp,2017-12-27,2000.0,4100.0,4100.0,100.0,4100.0,4250.0,2300.0,,2018-01-10,Personal Correspondence,,8.0,221.0,1,1.0,0.0,1,0.8,0.2,1,1.0,0.0,1,0.74,0.26,1,0.65,0.35
ID298,Lisa,31.5808440018966,30-39,F, '11MLS P'11,"Alumni, Grad School",Bernie the St. Bernard,,Permanent,Winter Park,FL,32789,Chief Operating Officer,Yet Another Corporation,3000,"$50,000 - $99,999",50000.0,99999.0,Unknown,B,Not a MG Prospect Now,,,250.0,2000.0,,,4250.0,,,2017-07-05,Email Contact,2.0,11.0,17.0,0,0.0,1.0,0,0.3,0.7,1,1.0,0.0,0,0.35,0.65,0,0.32,0.68
ID299,Stevie Ray,31.1948790896159,30-39,F, '67MAT,"Alumni, Grad School",Bernie the St. Bernard,,Permanent,Winter Park,FL,32789,Chief Operating Officer,A Nonprofit Organization,2500,"$100,000 - $249,999",100000.0,249999.0,Moderate,A,Qualification,2018-03-08,50.0,50.0,500.0,550.0,50.0,50.0,1935.0,2004-09-30,2017-11-20,Email Contact,11.0,8.0,34.0,1,1.0,0.0,1,1.0,0.0,1,1.0,0.0,0,0.34,0.66,0,0.25,0.75
ID300,Malcolm,56.0,50-59,M,'84,"Alumni, Degreed",Bernie the St. Bernard,,Permanent,Winter Park,FL,32789,Assistant Vice President,That Corporation,4000,"$100,000 - $249,999",100000.0,249999.0,Unknown,D,Qualification,,,,,,,,,,,,5.0,,,0,0.0,1.0,0,0.0,1.0,0,0.0,1.0,0,0.17,0.83,0,0.2,0.8
ID301,Alberta,40.0,40-49,F, '00 '08MA,"Alumni, Degreed",Tommy Tar,Psychology,Permanent,Orlando,FL,32812,AVP,A Nonprofit Organization,75,,,,Unknown,B,Disqualified as a MG Prosp,2015-12-22,5000.0,,,7100.0,,,,,2018-01-10,Personal Correspondence,6.0,2.0,3.0,0,0.0,1.0,0,0.5,0.5,1,0.98,0.02,1,1.0,0.0,1,0.68,0.32
